SLumiere,Lumiere
SLumiere,Lumiere
SLumiere,Lumiere
SLumiere,Lumiere
SLumiere,Lumiere
SLumiere,Lumiere
SLumiere,Lumiere
SLumiere,Lumiere
SCines,Cines
SCines,Cines
SCines,Cines
SEdison,Edison
SEdison,Edison
SEdison,Edison
SEdison,Edison
SEdison,Edison
SEdison,Edison
SEdison,Edison
SEssanay,Essanay
SAmbrosio,Ambrosio
SAmbrosio,Ambrosio
SAmbrosio,Ambrosio
SAmbrosio,Ambrosio
SAmbrosio,Ambrosio
MPSA,MPSA
MPSA,MPSA
SArtistica Gloria,Artistica Gloria
Famous,Famous
SFamous,Famous
SFamous,Famous
SFamous,Famous
SFamous,Famous
SFamous,Famous
SFamous,Famous
SFamous,Famous
SFamous,Famous
SFamous,Famous
Famous,Famous
SNew York,New York
SNew York,New York
Union,Union
Union,Union
Union,Union
Union,Union
Union,Union
World,World
STriangle,Triangle
SFeature Play,Feature Play
SFeature Play,Feature Play
SFeature Play,Feature Play
SFeature Play,Feature Play
SFeature Play,Feature Play
SFeature Play,Feature Play
SFeature Play,Feature Play
SFeature Play,Feature Play
Paramount,Paramount
Paramount,Paramount
Paramount,Paramount
Paramount,Paramount
Paramount,Paramount
Paramount,Paramount
Paramount,Paramount
Paramount,Paramount
Paramount,Paramount
Paramount,Paramount
Paramount,Paramount
Paramount,Paramount
Paramount,Paramount
Paramount,Paramount
Paramount,Paramount
Paramount,Paramount
Paramount,Paramount
Paramount,Paramount
Paramount,Paramount
Paramount,Paramount
Paramount,Paramount
Paramount,Paramount
Paramount,Paramount
Paramount,Paramount
Paramount,Paramount
Paramount,Paramount
Paramount,Paramount
Paramount,Paramount
Paramount,Paramount
Paramount,Paramount
Paramount,Paramount
Paramount,Paramount
Paramount,Paramount
Paramount,Paramount
Paramount,Paramount
Paramount,Paramount
Paramount,Paramount
Paramount,Paramount
Paramount,Paramount
Paramount,Paramount
Paramount,Paramount
Paramount,Paramount
Paramount,Paramount
Paramount,Paramount
Paramount,Paramount
Paramount,Paramount
Paramount,Paramount
Paramount,Paramount
Paramount,Paramount
Paramount,Paramount
Paramount,Paramount
Paramount,Paramount
Paramount,Paramount
Paramount,Paramount
Paramount,Paramount
Paramount,Paramount
Paramount,Paramount
Paramount,Paramount
Paramount,Paramount
Paramount,Paramount
Paramount,Paramount
Paramount,Paramount
Paramount,Paramount
Paramount,Paramount
Paramount,Paramount
Paramount,Paramount
Paramount,Paramount
Paramount,Paramount
Paramount,Paramount
Paramount,Paramount
Paramount,Paramount
Paramount,Paramount
Paramount,Paramount
Paramount,Paramount
Paramount,Paramount
Paramount?,Paramount
Paramount,Paramount
Paramount,Paramount
Paramount,Paramount
Paramount,Paramount
Paramount,Paramount
Paramount,Paramount
Paramount,Paramount
Paramount,Paramount
Paramount,Paramount
Paramount,Paramount
Paramount,Paramount
Paramount,Paramount
Paramount,Paramount
Paramount,Paramount
Paramount,Paramount
Paramount,Paramount
Paramount,Paramount
Paramount,Paramount
Paramount,Paramount
Paramount,Paramount
Paramount,Paramount
Paramount,Paramount
Paramount,Paramount
Paramount,Paramount
Paramount,Paramount
Paramount,Paramount
Paramount,Paramount
Paramount,Paramount
Paramount,Paramount
Paramount,Paramount
Paramount,Paramount
Paramount,Paramount
Paramount,Paramount
Paramount,Paramount
Paramount,Paramount
Paramount,Paramount
Paramount,Paramount
Paramount,Paramount
Paramount,Paramount
Paramount,Paramount
Paramount,Paramount
Paramount,Paramount
Paramount,Paramount
Paramount,Paramount
Paramount,Paramount
Paramount,Paramount
Paramount,Paramount
Paramount,Paramount
Paramount,Paramount
Paramount,Paramount
Paramount,Paramount
Paramount,Paramount
Paramount,Paramount
Paramount,Paramount
Paramount,Paramount
Paramount,Paramount
Paramount,Paramount
Paramount,Paramount
Paramount,Paramount
Paramount,Paramount
Paramount,Paramount
Paramount,Paramount
Paramount,Paramount
Paramount,Paramount
Paramount,Paramount
Paramount,Paramount
Paramount,Paramount
Paramount,Paramount
Paramount,Paramount
Paramount,Paramount
Paramount,Paramount
Paramount,Paramount
Paramount,Paramount
Paramount,Paramount
Paramount,Paramount
Paramount,Paramount
Paramount,Paramount
Paramount,Paramount
Paramount,Paramount
Parmount,Paramount
Paramount,Paramount
Paramount,Paramount
Paramount,Paramount
Paramount,Paramount
Paramount,Paramount
Paramount,Paramount
Paramount,Paramount
Paramount,Paramount
Paramount,Paramount
Paramount,Paramount
Paramount,Paramount
Paramount,Paramount
Paramount,Paramount
Paramount,Paramount
Paramount,Paramount
Paramount,Paramount
Paramount,Paramount
Paramount,Paramount
Paramount,Paramount
Paramount,Paramount
Paramount,Paramount
Paramount,Paramount
Paramount,Paramount
Paramount,Paramount
Paramount,Paramount
Paramount,Paramount
Paramount,Paramount
Paramount,Paramount
Paramount,Paramount
Paramount,Paramount
Paramount,Paramount
Paramount,Paramount
Paramount,Paramount
Paramount,Paramount
Paramount,Paramount
Paramount,Paramount
Paramount,Paramount
Paramount,Paramount
Paramount,Paramount
Paramount,Paramount
Paramount,Paramount
Paramount,Paramount
Paramount,Paramount
Paramount,Paramount
Paramount,Paramount
Paramount,Paramount
Paramount,Paramount
Paramount,Paramount
Paramount,Paramount
Paramount,Paramount
Paramount,Paramount
Paramount,Paramount
Paramount,Paramount
Paramount,Paramount
Paramount,Paramount
Paramount,Paramount
Paramount,Paramount
Paramount,Paramount
Paramount,Paramount
Paramount,Paramount
Paramount,Paramount
Paramount,Paramount
Paramount,Paramount
Paramount,Paramount
Paramount,Paramount
Paramount,Paramount
Paramount,Paramount
Paramount,Paramount
Paramount,Paramount
Paramount,Paramount
Paramount,Paramount
Paramount,Paramount
Paramount,Paramount
Paramount,Paramount
Paramount,Paramount
Paramount,Paramount
Paramount,Paramount
Paramount,Paramount
Paramount,Paramount
Paramount,Paramount
Paramount,Paramount
Paramount,Paramount
Paramount,Paramount
Paramount,Paramount
Paramount,Paramount
Paramount,Paramount
Paramount,Paramount
Paramount,Paramount
Paramount,Paramount
Paramount,Paramount
Paramount,Paramount
Paramount,Paramount
Paramount,Paramount
Paramount,Paramount
Paramount,Paramount
Paramount,Paramount
Paramount,Paramount
Paramount,Paramount
Paramount,Paramount
Paramount,Paramount
Paramount,Paramount
Paramount,Paramount
Paramount,Paramount
Paramount,Paramount
Paramount,Paramount
Paramount,Paramount
Paramount,Paramount
Paramount,Paramount
Paramount,Paramount
Paramount,Paramount
Paramount,Paramount
Paramount,Paramount
Paramount,Paramount
Paramount,Paramount
Paramount,Paramount
Paramount,Paramount
Paramount,Paramount
Paramount,Paramount
Paramount,Paramount
Paramount,Paramount
Paramount,Paramount
Paramount,Paramount
Paramount,Paramount
Paramount,Paramount
Paramount,Paramount
Paramount,Paramount
Paramount,Paramount
Paramount,Paramount
Paramount,Paramount
Paramount,Paramount
Paramount,Paramount
Paramount,Paramount
Paramount,Paramount
Paramount,Paramount
Paramount,Paramount
Paramount,Paramount
Paramount,Paramount
Paramount,Paramount
Paramount,Paramount
Paramount,Paramount
Paramount,Paramount
Paramount,Paramount
Paramount,Paramount
Paramount,Paramount
Paramount,Paramount
Paramount,Paramount
Paramount,Paramount
Paramount,Paramount
Paramount,Paramount
Paramount,Paramount
Paramount,Paramount
Paramount,Paramount
Paramount,Paramount
Paramount,Paramount
Paramount,Paramount
Paramount,Paramount
Paramount,Paramount
Paramount,Paramount
Paramount,Paramount
Paramount,Paramount
Paramount,Paramount
Paramount,Paramount
Paramount,Paramount
Paramount,Paramount
 Paramount,Paramount
Paramount,Paramount
Paramount,Paramount
Paramount,Paramount
Paramount,Paramount
Paramount,Paramount
Paramount,Paramount
Paramount,Paramount
Paramount,Paramount
Paramount,Paramount
Paramount,Paramount
Paramount,Paramount
Paramount,Paramount
Paramount,Paramount
Paramount,Paramount
Paramount,Paramount
Paramount,Paramount
Paramount,Paramount
Paramount,Paramount
Paramount,Paramount
Paramount,Paramount
Paramount,Paramount
Paramount,Paramount
Paramount,Paramount
Paramount,Paramount
Paramount,Paramount
Paramount,Paramount
Paramount,Paramount
Paramount,Paramount
Paramount,Paramount
Paramount,Paramount
Paramount,Paramount
Pramount,Paramount
Paramount,Paramount
Paramount,Paramount
Paramount,Paramount
Paramount,Paramount
SPickford,Pickford
SPickford,Pickford
SFirst National,First National
SFirst National,First National
SFirst National,First National
SFirst National,First National
SFirst National,First National
SFirst National,First National
UFA,UFA
UFA,UFA
U.A.,U.A.
U.A.,U.A.
U.A.,U.A.
U.A.,U.A.
U.A.,U.A.
U.A.,U.A.
U.A.,U.A.
U.A.,U.A.
U.A.,U.A.
U.A.,U.A.
U.A.,U.A.
U.A.,U.A.
U.A.,U.A.
U.A.,U.A.
U.A.,U.A.
U.A.,U.A.
U.A.,U.A.
U.A.,U.A.
SGoldwyn,Goldwyn
SGoldwyn,Goldwyn
SGoldwyn,Goldwyn
SGoldwyn,Goldwyn
SGoldwyn,Goldwyn
SGoldwyn,Goldwyn
SGoldwyn,Goldwyn
SGoldwyn,Goldwyn
SGoldwyn,Goldwyn
SGoldwyn,Goldwyn
SGoldwyn,Goldwyn
SGoldwyn,Goldwyn
SGoldwyn,Goldwyn
SGoldwyn,Goldwyn
SGoldwyn,Goldwyn
SGoldwyn,Goldwyn
SGoldwyn,Goldwyn
Goldwyn,Goldwyn
Goldwyn,Goldwyn
Goldwyn,Goldwyn
Goldwyn,Goldwyn
Goldwyn,Goldwyn
SBiograph,Biograph
MGM,MGM
MGM,MGM
MGM,MGM
MGM,MGM
MGM,MGM
MGM,MGM
MGM,MGM
MGM,MGM
MGM,MGM
MGM,MGM
MGM,MGM
MGM,MGM
MGM,MGM
MGM,MGM
MGM,MGM
Famous,Famous
SFamous,Famous
SFamous,Famous
SFamous,Famous
SFamous,Famous
SFamous,Famous
SFamous,Famous
SFamous,Famous
SFamous,Famous
SFamous,Famous
Famous,Famous
SSeven Arts,Seven Arts
even Arts,Seven Arts
even Arts,Seven Arts
even Arts,Seven Arts
even Arts,Seven Arts
Universal,Universal
Universal,Universal
Universal,Universal
Universal,Universal
Universal,Universal
Universal,Universal
Universal,Universal
Universal,Universal
Universal,Universal
Universal,Universal
Universal,Universal
Universal,Universal
Universal,Universal
Universal,Universal
Universal,Universal
Universal,Universal
Universal,Universal
Universal,Universal
Universal,Universal
Universal,Universal
Universal,Universal
Universal,Universal
Universal,Universal
Universal,Universal
Universal,Universal
Universal,Universal
Universal,Universal
Universal,Universal
Universal,Universal
Universal,Universal
Universal,Universal
Universal,Universal
Universal,Universal
Universal,Universal
Universal,Universal
Universal,Universal
Universal,Universal
Universal,Universal
Universal,Universal
Universal,Universal
Universal,Universal
Universal,Universal
Universal,Universal
Universal,Universal
Universal,Universal
Universal,Universal
Universal,Universal
Universal,Universal
Universal,Universal
Universal,Universal
Universal,Universal
Universal,Universal
Universal,Universal
Univeral,Universal
Universal,Universal
Universal,Universal
Universal,Universal
Universal,Universal
Universal,Universal
Universal,Universal
Universal,Universal
Universal,Universal
Universal,Universal
Universal,Universal
Universal,Universal
Universal,Universal
Universal,Universal
Universal,Universal
Universal,Universal
Universal,Universal
Universal,Universal
Universal,Universal
Universal,Universal
Universal,Universal
Universal,Universal
Universal,Universal
Universal,Universal
Universal,Universal
Universal,Universal
Universal,Universal
Universal,Universal
Universal,Universal
Universal,Universal
Universal,Universal
Universal,Universal
Universal,Universal
Univeral,Universal
Universal,Universal
Universal,Universal
Universal,Universal
Universal,Universal
Universal,Universal
Univeral,Universal
Universal,Universal
Universal,Universal
Universal,Universal
Universal,Universal
Universal,Universal
Universal,Universal
Universal,Universal
Universal,Universal
Universal,Universal
Universal,Universal
Universal,Universal
Universal,Universal
Universal,Universal
Universal,Universal
Universal,Universal
Universal,Universal
Universal,Universal
Universal,Universal
Universal,Universal
Universal,Universal
Universal,Universal
Universal,Universal
Universal,Universal
Universal,Universal
Universal,Universal
Universal,Universal
Universal,Universal
Universal,Universal
Universal,Universal
Universal,Universal
Universal,Universal
Universal,Universal
Universal,Universal
Universal,Universal
Universal,Universal
Universal,Universal
Universal,Universal
Universal,Universal
Universal,Universal
Universal,Universal
Universal,Universal
Universal,Universal
Universal,Universal
Universal,Universal
Universal,Universal
Universal,Universal
Universal,Universal
Universal,Universal
Universal,Universal
Universal,Universal
Universal,Universal
Universal,Universal
Universal,Universal
Universal,Universal
Universal,Universal
Universal,Universal
Universal,Universal
Universal,Universal
Universal,Universal
Universal,Universal
Universal,Universal
Universal,Universal
Universal,Universal
Universal,Universal
Universal,Universal
Universal,Universal
Universal,Universal
Universal,Universal
Universal,Universal
Universal,Universal
Universal,Universal
Universal,Universal
Universal,Universal
Universal,Universal
Universal,Universal
Universal,Universal
Universal,Universal
Universal,Universal
Universal,Universal
Universal,Universal
Universal,Universal
Universal,Universal
Universal,Universal
Univeral,Universal
Universal,Universal
Universal,Universal
Universal,Universal
Universal,Universal
Universal,Universal
Universal,Universal
Universal,Universal
Universal,Universal
Universal,Universal
Universal,Universal
Universal,Universal
Universal,Universal
Universal,Universal
Universal,Universal
Universal,Universal
Universal,Universal
Universal,Universal
Universal,Universal
Universal,Universal
Universal,Universal
Universal,Universal
Universal,Universal
Universal,Universal
Universal,Universal
Universal,Universal
Universal,Universal
Universal,Universal
Universal,Universal
Universal,Universal
Universal,Universal
Universal,Universal
Universal,Universal
Universal,Universal
Universal,Universal
Universal,Universal
Universal,Universal
Universal,Universal
Universal,Universal
Universal,Universal
Universal,Universal
Universal,Universal
Universal,Universal
Universal,Universal
Universal,Universal
Universal,Universal
Universal,Universal
Universal,Universal
Universal,Universal
Universal,Universal
Universal,Universal
Universal,Universal
Universal,Universal
Universal,Universal
Universal,Universal
Universal,Universal
Universal,Universal
Universal,Universal
Universal,Universal
Universal,Universal
Universal,Universal
Universal,Universal
Universal,Universal
Universal,Universal
Wardour,Wardour
Wardour,Wardour
Wardour,Wardour
Wardour,Wardour
Wardour,Wardour
Wardour,Wardour
Wardour,Wardour
Wardour,Wardour
Wardour,Wardour
Wardour,Wardour
Wardour,Wardour
Wardour,Wardour
Wardour,Wardour
Wardour,Wardour
Wardour,Wardour
B-S-F,B-S-F
B-S-F,B-S-F
B-S-F,B-S-F
SWarners,Warners
SWarners,Warners
SWarners,Warners
SWarners,Warners
SWarners,Warners
SWarners,Warners
SWarners,Warners
SWarners,Warners
SWarners,Warners
SWarners,Warners
SWarners,Warners
SWarners,Warners
SWarners,Warners
SWarners,Warners
SWarners,Warners
SWarners,Warners
SWarners,Warners
SWarners,Warners
SWarners,Warners
SWarners,Warners
SWarners,Warners
SWarners,Warners
SWarners,Warners
SWarners,Warners
SWarners,Warners
SWarners,Warners
SWarners,Warners
SWarners,Warners
SWarners,Warners
SWarners,Warners
SWarners,Warners
SWarners,Warners
SWarners,Warners
SWarners,Warners
SWarners,Warners
SWarners,Warners
SWarners,Warners
SWarners,Warners
SWarners,Warners
SWarners,Warners
SWarners,Warners
SWarners,Warners
SWarners,Warners
SWarners,Warners
SWarners,Warners
SWarners,Warners
SWarners,Warners
SWarners,Warners
SWarners,Warners
SWarners,Warners
SWarners,Warners
SWarners,Warners
SWarners,Warners
SWarners,Warners
SWarners,Warners
SWarners,Warners
SWarners,Warners
SWarners,Warners
SWarners,Warners
SWarners,Warners
SWarners,Warners
SWarners,Warners
SWarners,Warners
SWarners,Warners
SWarners,Warners
SWarners,Warners
SWarners,Warners
SWarners,Warners
SWarners,Warners
SWarners,Warners
SWarners,Warners
SWarners,Warners
SWarners,Warners
SWarners,Warners
SWarners,Warners
SWarners,Warners
SWarners,Warners
SWarners,Warners
SWarners,Warners
SWarners,Warners
SWarners,Warners
SWarners,Warners
SWarners,Warners
SWarners,Warners
SWarners,Warners
SWarners,Warners
SWarners,Warners
SWarners,Warners
SWarners,Warners
SWarners,Warners
SWarners,Warners
SWarners,Warners
SWarners,Warners
SWarners,Warners
SWarners,Warners
SWarners,Warners
SWarners,Warners
SWarners,Warners
SWarners,Warners
SWarners,Warners
SWarners,Warners
SWarners,Warners
SWarners,Warners
SWarners,Warners
SWarners,Warners
SWarners,Warners
SWarners,Warners
SWarners,Warners
SWarners,Warners
SWarners,Warners
SWarners,Warners
SWarners,Warners
SWarners,Warners
SWarners,Warners
SWarners,Warners
SWarners,Warners
SWarners,Warners
SWarners,Warners
SWarners,Warners
SWarners,Warners
SWarners,Warners
SWarners,Warners
SWarners,Warners
SWarners,Warners
SWarners,Warners
SWarners,Warners
SWarners,Warners
SWarners,Warners
SWarners,Warners
SWarners,Warners
SWarners,Warners
SWarners,Warners
SWarners,Warners
SWarners,Warners
SWarners,Warners
SWarners,Warners
SWarners,Warners
SWarners,Warners
SWarners,Warners
SWarners,Warners
SWarners,Warners
SWarners,Warners
SWarners,Warners
SWarners,Warners
SWarners,Warners
SWarners,Warners
SWarners,Warners
SWarners,Warners
SWarners,Warners
SWarners,Warners
SWarners,Warners
SWarners,Warners
SWarners,Warners
SWarners,Warners
SWarners,Warners
SWarners,Warners
SWarners,Warners
SWarners,Warners
SWarners,Warners
SWarners,Warners
SWarners,Warners
SWarners,Warners
SWarners,Warners
SWarners,Warners
SWarners,Warners
SWarners,Warners
SWarners,Warners
SWarners,Warners
SWarners,Warners
SWarners,Warners
SWarners,Warners
SWarners,Warners
SWarners,Warners
SWarners,Warners
SWarners,Warners
SWarners,Warners
SWarners,Warners
SWarners,Warners
SWarners,Warners
SWarners,Warners
SWarners,Warners
SWarners,Warners
SWarners,Warners
SWarners,Warners
SWarners,Warners
SWarners,Warners
SWarners,Warners
SWarners,Warners
SWarners,Warners
SWarners,Warners
Warners,Warners
SWarners,Warners
SWarners,Warners
SWarners,Warners
SWarners,Warners
SWarners,Warners
SWarners,Warners
SWarners,Warners
SWarners,Warners
Warner,Warners
SWarners,Warners
SWarners,Warners
SWarners,Warners
SWarners,Warners
SWarners,Warners
SWarners,Warners
SWarners,Warners
Warners,Warners
SWarners,Warners
SWarners,Warners
SWarners,Warners
Warners,Warners
Warner,Warners
SWarners,Warners
SWarners,Warners
SWarners,Warners
SWarners,Warners
SWarners,Warners
SWarners,Warners
SWarners,Warners
SWarners,Warners
SWarners,Warners
SWarners,Warners
Warners,Warners
SWarners,Warners
SWarners,Warners
SWarners,Warners
SWarners,Warners
SWarners,Warners
SWarners,Warners
SWarners,Warners
Warners,Warners
SWarners,Warners
SWarners,Warners
SWarners,Warners
SWarners,Warners
SWarners,Warners
SWarners,Warners
SWarners,Warners
SWarners,Warners
SWarners,Warners
SWarners,Warners
SWarners,Warners
SWarners,Warners
SWarners,Warners
SWarners,Warners
SWarners,Warners
SWarners,Warners
SWarners,Warners
SWarners,Warners
SWarners,Warners
SWarners,Warners
SWarners,Warners
SWarners,Warners
SWarners,Warners
SWarners,Warners
Warners,Warners
SWarners,Warners
SWarners,Warners
SWarners,Warners
SWarners,Warners
SWarners,Warners
SWarners,Warners
SWarners,Warners
SWarners,Warners
SWarners,Warners
SWarners,Warners
SWarners,Warners
Warners,Warners
Warners,Warners
SWarners,Warners
SWarners,Warners
SWarners,Warners
SWarners,Warners
SWarners,Warners
SWarners,Warners
SWarners,Warners
SWarners,Warners
Warners,Warners
SWarners,Warners
SWarners,Warners
SWarners,Warners
SWarners,Warners
SWarners,Warners
SWarners,Warners
SWarners,Warners
SWarners,Warners
SWarners,Warners
SWarners,Warners
SWarners,Warners
SWarners,Warners
Warners,Warners
Warners,Warners
SWarners,Warners
SWarners,Warners
SWarners,Warners
SWarners,Warners
SWarners,Warners
SWarners,Warners
SWarners,Warners
SWarners,Warners
SWarners,Warners
SWarners,Warners
SWarners,Warners
SWarners,Warners
SWarners,Warners
SWarners,Warners
SWarners,Warners
SWarners,Warners
SWarners,Warners
SWarners,Warners
SWarners,Warners
SWarners,Warners
SWarners,Warners
SWarners,Warners
SWarners,Warners
SWarners,Warners
SWarners,Warners
SWarners,Warners
SWarners,Warners
SWarners,Warners
SWarners,Warners
SWarners,Warners
SWarners,Warners
SWarners,Warners
SWarners,Warners
Warners,Warners
Warners,Warners
Warners,Warners
Warners,Warners
Warners,Warners
Warners,Warners
Warners,Warners
Warners,Warners
Warners,Warners
Warners,Warners
Warners,Warners
Warners,Warners
Warners,Warners
Warners,Warners
Warners,Warners
Warners,Warners
Warners,Warners
Warners,Warners
Warners,Warners
Warners,Warners
Warners,Warners
SColumbia,Columbia
SColumbia,Columbia
SColumbia,Columbia
SColumbia,Columbia
SColumbia,Columbia
SColumbia,Columbia
SColumbia,Columbia
SColumbia,Columbia
SColumbia,Columbia
SColumbia,Columbia
SColumbia,Columbia
SColumbia,Columbia
SColumbia,Columbia
SColumbia,Columbia
SColumbia,Columbia
SColumbia,Columbia
SColumbia,Columbia
SColumbia,Columbia
SColumbia,Columbia
SColumbia,Columbia
SColumbia,Columbia
SColumbia,Columbia
SColumbia,Columbia
SColumbia,Columbia
SColumbia,Columbia
SColumbia,Columbia
SColumbia,Columbia
SColumbia,Columbia
SColumbia,Columbia
SColumbia,Columbia
SColumbia,Columbia
SColumbia,Columbia
SColumbia,Columbia
SColumbia,Columbia
SColumbia,Columbia
SColumbia,Columbia
SColumbia,Columbia
SColumbia,Columbia
SColumbia,Columbia
SColumbia,Columbia
SColumbia,Columbia
SColumbia,Columbia
SColumbia,Columbia
SColumbia,Columbia
SColumbia,Columbia
SColumbia,Columbia
SColumbia,Columbia
SColumbia,Columbia
SColumbia,Columbia
SColumbia,Columbia
SColumbia,Columbia
SColumbia,Columbia
SColumbia,Columbia
SColumbia,Columbia
SColumbia,Columbia
SColumbia,Columbia
SColumbia,Columbia
SColumbia,Columbia
SColumbia,Columbia
SColumbia,Columbia
SColumbia,Columbia
SColumbia,Columbia
SColumbia,Columbia
SColumbia,Columbia
SColumbia,Columbia
SColumbia,Columbia
SColumbia,Columbia
SColumbia,Columbia
SColumbia,Columbia
SColumbia,Columbia
SColumbia,Columbia
Columbia,Columbia
SColumbia,Columbia
SColumbia,Columbia
SColumbia,Columbia
SColumbia,Columbia
SColumbia,Columbia
SColumbia,Columbia
SColumbia,Columbia
SColumbia,Columbia
SColumbia,Columbia
SColumbia,Columbia
SColumbia,Columbia
SColumbia,Columbia
SColumbia,Columbia
SColumbia,Columbia
SColumbia,Columbia
SColumbia,Columbia
Columbia,Columbia
SColumbia,Columbia
SColumbia,Columbia
SColumbia,Columbia
SColumbia,Columbia
SColumbia,Columbia
SColumbia,Columbia
SColumbia,Columbia
SColumbia,Columbia
SColumbia,Columbia
SColumbia,Columbia
SColumbia,Columbia
SColumbia,Columbia
SColumbia,Columbia
SColumbia,Columbia
SColumbia,Columbia
SColumbia,Columbia
SColumbia,Columbia
Columbia,Columbia
SColumbia,Columbia
SColumbia,Columbia
SColumbia,Columbia
SColumbia,Columbia
SColumbia,Columbia
SColumbia,Columbia
SColumbia,Columbia
SColumbia,Columbia
Columbia,Columbia
SColumbia,Columbia
SColumbia,Columbia
SColumbia,Columbia
SColumbia,Columbia
SColumbia,Columbia
Columbia,Columbia
SColumbia,Columbia
SColumbia,Columbia
SColumbia,Columbia
SColumbia,Columbia
SColumbia,Columbia
SColumbia,Columbia
SColumbia,Columbia
SColumbia,Columbia
Columbia,Columbia
Columbia,Columbia
SColumbia,Columbia
SColumbia,Columbia
SColumbia,Columbia
SColumbia,Columbia
SColumbia,Columbia
SColumbia,Columbia
Columbia,Columbia
SColumbia,Columbia
SColumbia,Columbia
SColumbia,Columbia
SColumbia,Columbia
SColumbia,Columbia
SColumbia,Columbia
SColumbia,Columbia
SColumbia,Columbia
SColumbia,Columbia
SColumbia,Columbia
SColumbia,Columbia
SColumbia,Columbia
SColumbia,Columbia
SColumbia,Columbia
SColumbia,Columbia
SColumbia,Columbia
SColumbia,Columbia
SColumbia,Columbia
SColumbia,Columbia
SColumbia,Columbia
SColumbia,Columbia
SColumbia,Columbia
Columbia,Columbia
SColumbia,Columbia
SColumbia,Columbia
SColumbia,Columbia
SColumbia,Columbia
SColumbia,Columbia
SColumbia,Columbia
SColumbia,Columbia
SColumbia,Columbia
Columbia,Columbia
SColumbia,Columbia
SColumbia,Columbia
SColumbia,Columbia
SColumbia,Columbia
SColumbia,Columbia
SColumbia,Columbia
SColumbia,Columbia
SColumbia,Columbia
SColumbia,Columbia
SColumbia,Columbia
SColumbia,Columbia
SColumbia,Columbia
SColumbia,Columbia
SColumbia,Columbia
SColumbia,Columbia
SColumbia,Columbia
SColumbia,Columbia
SColumbia,Columbia
SColumbia,Columbia
SColumbia,Columbia
SColumbia,Columbia
SColumbia,Columbia
SColumbia,Columbia
SColumbia,Columbia
Columbia,Columbia
SColumbia,Columbia
SColumbia,Columbia
SColumbia,Columbia
SColumbia,Columbia
SColumbia,Columbia
SColumbia,Columbia
SColumbia,Columbia
SColumbia,Columbia
SColumbia,Columbia
Columbia,Columbia
Columbia,Columbia
Columbia,Columbia
Columbia,Columbia
Columba,Columbia
Columbia,Columbia
Columbia,Columbia
Columbia,Columbia
Columbia,Columbia
Columbia,Columbia
Columbia,Columbia
Columbia,Columbia
Gainsborough,Gainsborough
Gainsborough,Gainsborough
Gainsborough,Gainsborough
SGainsborough,Gainsborough
SGainsborough,Gainsborough
SGainsborough,Gainsborough
SGainsborough,Gainsborough
SGainsborough,Gainsborough
SGainsborough,Gainsborough
Gainsborough,Gainsborough
Gainsborough,Gainsborough
Gainsborough,Gainsborough
Emelka,Emelka
Elstree,Elstree
SElstree,Elstree
SElstree,Elstree
RKO,RKO
RKO,RKO
RKO,RKO
RKO,RKO
RKO,RKO
RKO,RKO
RKO,RKO
RKO,RKO
SAllied,Allied
SAllied,Allied
SAllied,Allied
SAllied,Allied
SAllied,Allied
Allied,Allied
SParis,Paris
SParis,Paris
SParis,Paris
SParis,Paris
SParis,Paris
SParis,Paris
SParis,Paris
SGoldwyn,Goldwyn
SGoldwyn,Goldwyn
SGoldwyn,Goldwyn
SGoldwyn,Goldwyn
SGoldwyn,Goldwyn
SGoldwyn,Goldwyn
SGoldwyn,Goldwyn
SGoldwyn,Goldwyn
SGoldwyn,Goldwyn
SGoldwyn,Goldwyn
SGoldwyn,Goldwyn
SGoldwyn,Goldwyn
SGoldwyn,Goldwyn
SGoldwyn,Goldwyn
SGoldwyn,Goldwyn
SGoldwyn,Goldwyn
SGoldwyn,Goldwyn
Goldwyn,Goldwyn
Goldwyn,Goldwyn
Goldwyn,Goldwyn
Goldwyn,Goldwyn
Goldwyn,Goldwyn
Lime Grove,Lime Grove
SLondon,London
London,London
SLondon,London
SLondon,London
SLondon,London
London,London
London,London
London,London
UFA,UFA
UFA,UFA
GFD,GFD
GFD,GFD
GFD,GFD
SMonogram,Monogram
SMonogram,Monogram
SMonogram,Monogram
SMonogram,Monogram
SMonogram,Monogram
SMonogram,Monogram
SMonogram,Monogram
SMonogram,Monogram
SMonogram,Monogram
SMonogram,Monogram
SMonogram,Monogram
SMonogram,Monogram
SMonogram,Monogram
SMonogram,Monogram
SMonogram,Monogram
SMonogram,Monogram
SMonogram,Monogram
SMonogram,Monogram
SMonogram,Monogram
SMonogram,Monogram
SMonogram,Monogram
SMonogram,Monogram
SMonogram,Monogram
SMonogram,Monogram
SMonogram,Monogram
SRepublic,Republic
SRepublic,Republic
SRepublic,Republic
SRepublic,Republic
SRepublic,Republic
SRepublic,Republic
SRepublic,Republic
SRepublic,Republic
SRepublic,Republic
SRepublic,Republic
SRepublic,Republic
SRepublic,Republic
SRepublic,Republic
SRepublic,Republic
SRepublic,Republic
SRepublic,Republic
SRepublic,Republic
SRepublic,Republic
SRepublic,Republic
SRepublic,Republic
SRepublic,Republic
SRepublic,Republic
Republic,Republic
Fox,Fox
Fox,Fox
Fox,Fox
Fox,Fox
Fox,Fox
Fox,Fox
Fox,Fox
Fox,Fox
Fox,Fox
Fox,Fox
Fox,Fox
Fox,Fox
Fox,Fox
Fox,Fox
Fox,Fox
Fox,Fox
Fox,Fox
Fox,Fox
Fox,Fox
Fox,Fox
Fox,Fox
Fox,Fox
Fox,Fox
Fox,Fox
MGM,MGM
MGM,MGM
MGM,MGM
MGM,MGM
MGM,MGM
MGM,MGM
MGM,MGM
MGM,MGM
MGM,MGM
MGM,MGM
MGM,MGM
MGM,MGM
MGM,MGM
MGM,MGM
MGM,MGM
elznick,Selznick
elznick,Selznick
elznick,Selznick
SSelznick,Selznick
SSelznick,Selznick
SSelznick,Selznick
SSelznick,Selznick
SSelznick,Selznick
SSelznick,Selznick
SSelznick,Selznick
SSelznick,Selznick
elznick,Selznick
SPinewood,Pinewood
SPinewood,Pinewood
Pinewood,Pinewood
Pinewood,Pinewood
Pinewood,Pinewood
Pinewood,Pinewood
SCinetone,Cinetone
SCinetone,Cinetone
SFirst National,First National
SFirst National,First National
SFirst National,First National
SFirst National,First National
SFirst National,First National
SFirst National,First National
SRoach,Roach
SEagle Lion,Eagle Lion
SNew World,New World
SNew World,New World
SNew World,New World
SNew World,New World
SNew World,New World
New World,New World
Transatlantic,Transatlantic
AIP,AIP
AIP,AIP
AIP,AIP
AIP,AIP
AIP,AIP
S:Trans-American,Trans-American
Hallmark,Hallmark
Hallmark,Hallmark
SMalpaso,Malpaso
SMalpaso,Malpaso
SMalpaso,Malpaso
Malpaso,Malpaso
Malpaso,Malpaso
SZoetrope,Zoetrope
SZoetrope,Zoetrope
UFA,UFA
UFA,UFA
SBox Office,Box Office
SBox Office,Box Office
SBox Office,Box Office
Paramount,Paramount
Paramount,Paramount
Paramount,Paramount
Paramount,Paramount
Paramount,Paramount
Paramount,Paramount
Paramount,Paramount
Paramount,Paramount
Paramount,Paramount
Paramount,Paramount
Paramount,Paramount
Paramount,Paramount
Paramount,Paramount
Paramount,Paramount
Paramount,Paramount
Paramount,Paramount
Paramount,Paramount
Paramount,Paramount
Paramount,Paramount
Paramount,Paramount
Paramount,Paramount
Paramount,Paramount
Paramount,Paramount
Paramount,Paramount
Paramount,Paramount
Paramount,Paramount
Paramount,Paramount
Paramount,Paramount
Paramount,Paramount
Paramount,Paramount
Paramount,Paramount
Paramount,Paramount
Paramount,Paramount
Paramount,Paramount
Paramount,Paramount
Paramount,Paramount
Paramount,Paramount
Paramount,Paramount
Paramount,Paramount
Paramount,Paramount
Paramount,Paramount
Paramount,Paramount
Paramount,Paramount
Paramount,Paramount
Paramount,Paramount
Paramount,Paramount
Paramount,Paramount
Paramount,Paramount
Paramount,Paramount
Paramount,Paramount
Paramount,Paramount
Paramount,Paramount
Paramount,Paramount
Paramount,Paramount
Paramount,Paramount
Paramount,Paramount
Paramount,Paramount
Paramount,Paramount
Paramount,Paramount
Paramount,Paramount
Paramount,Paramount
Paramount,Paramount
Paramount,Paramount
Paramount,Paramount
Paramount,Paramount
Paramount,Paramount
Paramount,Paramount
Paramount,Paramount
Paramount,Paramount
Paramount,Paramount
Paramount,Paramount
Paramount,Paramount
Paramount,Paramount
Paramount,Paramount
Paramount,Paramount
Paramount?,Paramount
Paramount,Paramount
Paramount,Paramount
Paramount,Paramount
Paramount,Paramount
Paramount,Paramount
Paramount,Paramount
Paramount,Paramount
Paramount,Paramount
Paramount,Paramount
Paramount,Paramount
Paramount,Paramount
Paramount,Paramount
Paramount,Paramount
Paramount,Paramount
Paramount,Paramount
Paramount,Paramount
Paramount,Paramount
Paramount,Paramount
Paramount,Paramount
Paramount,Paramount
Paramount,Paramount
Paramount,Paramount
Paramount,Paramount
Paramount,Paramount
Paramount,Paramount
Paramount,Paramount
Paramount,Paramount
Paramount,Paramount
Paramount,Paramount
Paramount,Paramount
Paramount,Paramount
Paramount,Paramount
Paramount,Paramount
Paramount,Paramount
Paramount,Paramount
Paramount,Paramount
Paramount,Paramount
Paramount,Paramount
Paramount,Paramount
Paramount,Paramount
Paramount,Paramount
Paramount,Paramount
Paramount,Paramount
Paramount,Paramount
Paramount,Paramount
Paramount,Paramount
Paramount,Paramount
Paramount,Paramount
Paramount,Paramount
Paramount,Paramount
Paramount,Paramount
Paramount,Paramount
Paramount,Paramount
Paramount,Paramount
Paramount,Paramount
Paramount,Paramount
Paramount,Paramount
Paramount,Paramount
Paramount,Paramount
Paramount,Paramount
Paramount,Paramount
Paramount,Paramount
Paramount,Paramount
Paramount,Paramount
Paramount,Paramount
Paramount,Paramount
Paramount,Paramount
Paramount,Paramount
Paramount,Paramount
Paramount,Paramount
Paramount,Paramount
Paramount,Paramount
Paramount,Paramount
Paramount,Paramount
Paramount,Paramount
Paramount,Paramount
Paramount,Paramount
Paramount,Paramount
Paramount,Paramount
Parmount,Paramount
Paramount,Paramount
Paramount,Paramount
Paramount,Paramount
Paramount,Paramount
Paramount,Paramount
Paramount,Paramount
Paramount,Paramount
Paramount,Paramount
Paramount,Paramount
Paramount,Paramount
Paramount,Paramount
Paramount,Paramount
Paramount,Paramount
Paramount,Paramount
Paramount,Paramount
Paramount,Paramount
Paramount,Paramount
Paramount,Paramount
Paramount,Paramount
Paramount,Paramount
Paramount,Paramount
Paramount,Paramount
Paramount,Paramount
Paramount,Paramount
Paramount,Paramount
Paramount,Paramount
Paramount,Paramount
Paramount,Paramount
Paramount,Paramount
Paramount,Paramount
Paramount,Paramount
Paramount,Paramount
Paramount,Paramount
Paramount,Paramount
Paramount,Paramount
Paramount,Paramount
Paramount,Paramount
Paramount,Paramount
Paramount,Paramount
Paramount,Paramount
Paramount,Paramount
Paramount,Paramount
Paramount,Paramount
Paramount,Paramount
Paramount,Paramount
Paramount,Paramount
Paramount,Paramount
Paramount,Paramount
Paramount,Paramount
Paramount,Paramount
Paramount,Paramount
Paramount,Paramount
Paramount,Paramount
Paramount,Paramount
Paramount,Paramount
Paramount,Paramount
Paramount,Paramount
Paramount,Paramount
Paramount,Paramount
Paramount,Paramount
Paramount,Paramount
Paramount,Paramount
Paramount,Paramount
Paramount,Paramount
Paramount,Paramount
Paramount,Paramount
Paramount,Paramount
Paramount,Paramount
Paramount,Paramount
Paramount,Paramount
Paramount,Paramount
Paramount,Paramount
Paramount,Paramount
Paramount,Paramount
Paramount,Paramount
Paramount,Paramount
Paramount,Paramount
Paramount,Paramount
Paramount,Paramount
Paramount,Paramount
Paramount,Paramount
Paramount,Paramount
Paramount,Paramount
Paramount,Paramount
Paramount,Paramount
Paramount,Paramount
Paramount,Paramount
Paramount,Paramount
Paramount,Paramount
Paramount,Paramount
Paramount,Paramount
Paramount,Paramount
Paramount,Paramount
Paramount,Paramount
Paramount,Paramount
Paramount,Paramount
Paramount,Paramount
Paramount,Paramount
Paramount,Paramount
Paramount,Paramount
Paramount,Paramount
Paramount,Paramount
Paramount,Paramount
Paramount,Paramount
Paramount,Paramount
Paramount,Paramount
Paramount,Paramount
Paramount,Paramount
Paramount,Paramount
Paramount,Paramount
Paramount,Paramount
Paramount,Paramount
Paramount,Paramount
Paramount,Paramount
Paramount,Paramount
Paramount,Paramount
Paramount,Paramount
Paramount,Paramount
Paramount,Paramount
Paramount,Paramount
Paramount,Paramount
Paramount,Paramount
Paramount,Paramount
Paramount,Paramount
Paramount,Paramount
Paramount,Paramount
Paramount,Paramount
Paramount,Paramount
Paramount,Paramount
Paramount,Paramount
Paramount,Paramount
Paramount,Paramount
Paramount,Paramount
Paramount,Paramount
Paramount,Paramount
Paramount,Paramount
Paramount,Paramount
Paramount,Paramount
Paramount,Paramount
Paramount,Paramount
Paramount,Paramount
Paramount,Paramount
Paramount,Paramount
Paramount,Paramount
Paramount,Paramount
Paramount,Paramount
Paramount,Paramount
Paramount,Paramount
Paramount,Paramount
Paramount,Paramount
Paramount,Paramount
Paramount,Paramount
Paramount,Paramount
Paramount,Paramount
Paramount,Paramount
Paramount,Paramount
Paramount,Paramount
Paramount,Paramount
Paramount,Paramount
Paramount,Paramount
Paramount,Paramount
Paramount,Paramount
Paramount,Paramount
Paramount,Paramount
 Paramount,Paramount
Paramount,Paramount
Paramount,Paramount
Paramount,Paramount
Paramount,Paramount
Paramount,Paramount
Paramount,Paramount
Paramount,Paramount
Paramount,Paramount
Paramount,Paramount
Paramount,Paramount
Paramount,Paramount
Paramount,Paramount
Paramount,Paramount
Paramount,Paramount
Paramount,Paramount
Paramount,Paramount
Paramount,Paramount
Paramount,Paramount
Paramount,Paramount
Paramount,Paramount
Paramount,Paramount
Paramount,Paramount
Paramount,Paramount
Paramount,Paramount
Paramount,Paramount
Paramount,Paramount
Paramount,Paramount
Paramount,Paramount
Paramount,Paramount
Paramount,Paramount
Paramount,Paramount
Pramount,Paramount
Paramount,Paramount
Paramount,Paramount
Paramount,Paramount
Paramount,Paramount
SGolden Harvest,Golden Harvest
SLondon Films,London Films
London Films,London Films
SEagle Lion,Eagle Lion
SBiograph,Biograph
FimMakers,FilmMakers
SFilmMakers,FilmMakers
SFilmMakers,FilmMakers
FilmMakers,FilmMakers
SFilmMakers,FilmMakers
FilmMakers,FilmMakers
Woodfall,Woodfall
SMGM British,MGM British
MGM British,MGM British
SAstor,Astor
Astor,Astor
SLippert,Lippert
SLippert,Lippert
SLippert,Lippert
SRealArt,RealArt
UGC,UGC
UGC,UGC
UGC,UGC
MCA,MCA
MCA,MCA
SFilmservice,Filmservice
hamley,Shamley
hamley,Shamley
hamley,Shamley
hamley,Shamley
hamley,Shamley
hamley,Shamley
hamley,Shamley
hamley,Shamley
hamley,Shamley
hamley,Shamley
hamley,Shamley
hamley,Shamley
hamley,Shamley
hamley,Shamley
hamley,Shamley
hamley,Shamley
hamley,Shamley
hamley,Shamley
hamley,Shamley
hamley,Shamley
hamley,Shamley
hamley,Shamley
hamley,Shamley
hamley,Shamley
hamley,Shamley
hamley,Shamley
hamley,Shamley
hamley,Shamley
hamley,Shamley
hamley,Shamley
hamley,Shamley
hamley,Shamley
hamley,Shamley
hamley,Shamley
hamley,Shamley
hamley,Shamley
hamley,Shamley
hamley,Shamley
hamley,Shamley
hamley,Shamley
hamley,Shamley
hamley,Shamley
hamley,Shamley
hamley,Shamley
hamley,Shamley
hamley,Shamley
hamley,Shamley
hamley,Shamley
hamley,Shamley
hamley,Shamley
hamley,Shamley
hamley,Shamley
hamley,Shamley
hamley,Shamley
hamley,Shamley
hamley,Shamley
hamley,Shamley
hamley,Shamley
hamley,Shamley
hamley,Shamley
hamley,Shamley
hamley,Shamley
hamley,Shamley
hamley,Shamley
hamley,Shamley
hamley,Shamley
hamley,Shamley
hamley,Shamley
hamley,Shamley
hamley,Shamley
hamley,Shamley
hamley,Shamley
hamley,Shamley
hamley,Shamley
hamley,Shamley
hamley,Shamley
hamley,Shamley
hamley,Shamley
hamley,Shamley
hamley,Shamley
hamley,Shamley
hamley,Shamley
hamley,Shamley
hamley,Shamley
hamley,Shamley
hamley,Shamley
hamley,Shamley
hamley,Shamley
hamley,Shamley
hamley,Shamley
hamley,Shamley
hamley,Shamley
hamley,Shamley
hamley,Shamley
hamley,Shamley
hamley,Shamley
hamley,Shamley
hamley,Shamley
hamley,Shamley
hamley,Shamley
hamley,Shamley
hamley,Shamley
hamley,Shamley
hamley,Shamley
hamley,Shamley
hamley,Shamley
hamley,Shamley
hamley,Shamley
hamley,Shamley
hamley,Shamley
hamley,Shamley
hamley,Shamley
hamley,Shamley
hamley,Shamley
hamley,Shamley
hamley,Shamley
hamley,Shamley
hamley,Shamley
hamley,Shamley
hamley,Shamley
hamley,Shamley
hamley,Shamley
hamley,Shamley
hamley,Shamley
hamley,Shamley
hamley,Shamley
hamley,Shamley
hamley,Shamley
hamley,Shamley
hamley,Shamley
hamley,Shamley
hamley,Shamley
hamley,Shamley
hamley,Shamley
hamley,Shamley
hamley,Shamley
hamley,Shamley
hamley,Shamley
hamley,Shamley
hamley,Shamley
hamley,Shamley
hamley,Shamley
hamley,Shamley
hamley,Shamley
hamley,Shamley
hamley,Shamley
hamley,Shamley
hamley,Shamley
hamley,Shamley
hamley,Shamley
hamley,Shamley
hamley,Shamley
hamley,Shamley
hamley,Shamley
hamley,Shamley
hamley,Shamley
hamley,Shamley
hamley,Shamley
hamley,Shamley
hamley,Shamley
hamley,Shamley
hamley,Shamley
hamley,Shamley
hamley,Shamley
hamley,Shamley
hamley,Shamley
hamley,Shamley
hamley,Shamley
hamley,Shamley
hamley,Shamley
hamley,Shamley
hamley,Shamley
hamley,Shamley
hamley,Shamley
hamley,Shamley
hamley,Shamley
hamley,Shamley
hamley,Shamley
hamley,Shamley
hamley,Shamley
hamley,Shamley
hamley,Shamley
hamley,Shamley
hamley,Shamley
hamley,Shamley
hamley,Shamley
hamley,Shamley
hamley,Shamley
hamley,Shamley
hamley,Shamley
hamley,Shamley
hamley,Shamley
hamley,Shamley
hamley,Shamley
hamley,Shamley
hamley,Shamley
hamley,Shamley
hamley,Shamley
hamley,Shamley
hamley,Shamley
hamley,Shamley
hamley,Shamley
hamley,Shamley
hamley,Shamley
hamley,Shamley
hamley,Shamley
hamley,Shamley
hamley,Shamley
hamley,Shamley
hamley,Shamley
hamley,Shamley
hamley,Shamley
hamley,Shamley
hamley,Shamley
hamley,Shamley
hamley,Shamley
hamley,Shamley
hamley,Shamley
hamley,Shamley
hamley,Shamley
hamley,Shamley
hamley,Shamley
hamley,Shamley
hamley,Shamley
hamley,Shamley
hamley,Shamley
hamley,Shamley
hamley,Shamley
hamley,Shamley
hamley,Shamley
hamley,Shamley
hamley,Shamley
hamley,Shamley
hamley,Shamley
hamley,Shamley
hamley,Shamley
hamley,Shamley
hamley,Shamley
hamley,Shamley
hamley,Shamley
hamley,Shamley
hamley,Shamley
hamley,Shamley
hamley,Shamley
hamley,Shamley
hamley,Shamley
hamley,Shamley
hamley,Shamley
hamley,Shamley
hamley,Shamley
hamley,Shamley
hamley,Shamley
hamley,Shamley
hamley,Shamley
hamley,Shamley
hamley,Shamley
hamley,Shamley
hamley,Shamley
hamley,Shamley
hamley,Shamley
hamley,Shamley
hamley,Shamley
hamley,Shamley
hamley,Shamley
hamley,Shamley
hamley,Shamley
hamley,Shamley
hamley,Shamley
hamley,Shamley
hamley,Shamley
hamley,Shamley
hamley,Shamley
hamley,Shamley
hamley,Shamley
hamley,Shamley
hamley,Shamley
hamley,Shamley
hamley,Shamley
hamley,Shamley
hamley,Shamley
hamley,Shamley
hamley,Shamley
hamley,Shamley
hamley,Shamley
hamley,Shamley
hamley,Shamley
hamley,Shamley
hamley,Shamley
SCarosse,Carosse
SCarosse,Carosse
SCarosse,Carosse
Carosse,Carosse
SCarosse,Carosse
SCarosse,Carosse
SCarosse,Carosse
SCarosse,Carosse
SCarosse,Carosse
SCarosse,Carosse
Carosse,Carosse
Carosse,Carosse
SCarosse,Carosse
Carosse,Carosse
SCarosse,Carosse
SCarosse,Carosse
SCarosse,Carosse
SBavaria,Bavaria
SBavaria,Bavaria
NWP,NWP
SFantasy,Fantasy
Fantasy,Fantasy
STodrest,Todrest
SGranada,Granada
SGranada,Granada
SCarolco,Carolco
Carolco,Carolco
Double,Double
SDouble,Double
SOrion,Orion
Orion,Orion
SOrion,Orion
SOrion,Orion
SOrion,Orion
SOrion,Orion
SOrion,Orion
SOrion,Orion
SOrion,Orion
Orion,Orion
SOrion,Orion
SOrion,Orion
SOrion,Orion
SOrion,Orion
SOrion,Orion
SOrion,Orion
SOrion,Orion
SOrion,Orion
SOrion,Orion
SOrion,Orion
SOrion,Orion
SOrion,Orion
SOrion,Orion
Orion,Orion
SOrion,Orion
SOrion,Orion
SOrion,Orion
SOrion,Orion
SOrion,Orion
SOrion,Orion
Orion,Orion
SOrion,Orion
SOrion,Orion
SOrion,Orion
Orion,Orion
Orion,Orion
Orion,Orion
Orion,Orion
Orion,Orion
Orion,Orion
Orion,Orion
Orion,Orion
Orion,Orion
SFilmways,Filmways
SFilmways,Filmways
Fimways,Filmways
Filmways,Filmways
SMiramax,Miramax
SMiramax,Miramax
SMiramax,Miramax
SMiramax,Miramax
SMiramax,Miramax
SMiramax,Miramax
SMiramax,Miramax
SMiramax,Miramax
SMiramax,Miramax
SMiramax,Miramax
SMiramax,Miramax
SMiramax,Miramax
SMiramax,Miramax
SMiramax,Miramax
SMiramax,Miramax
SMiramax,Miramax
SMiramax,Miramax
SMiramax,Miramax
Miramax,Miramax
Miramax,Miramax
SLorimar,Lorimar
SLorimar,Lorimar
SLorimar,Lorimar
Lorimar,Lorimar
SLorimar,Lorimar
SLorimar,Lorimar
Lorimar,Lorimar
SLorimar,Lorimar
Lorimar,Lorimar
Lorimar,Lorimar
SLorimar,Lorimar
Lorimar,Lorimar
Lorimar,Lorimar
SBuena Vista,Buena Vista
SBuena Vista,Buena Vista
SBuena Vista,Buena Vista
SBuena Vista,Buena Vista
SBuena Vista,Buena Vista
SBuena Vista,Buena Vista
SBuena Vista,Buena Vista
S:Buena Vista,Buena Vista
SBuena Vista,Buena Vista
Buena Vista,Buena Vista
Bueno Vista,Buena Vista
Buena Vista,Buena Vista
Buena Vista,Buena Vista
Galaxie,Galaxie
TriStar,TriStar
STriStar,TriStar
STriStar,TriStar
STriStar,TriStar
STriStar,TriStar
STriStar,TriStar
STriStar,TriStar
TriStar,TriStar
STriStar,TriStar
TriStar,TriStar
SNewLine,NewLine
SNewLine,NewLine
SNewLine,NewLine
NewLine,NewLine
SNewLine,NewLine
SNewLine,NewLine
SNewLine,NewLine
SNewLine,NewLine
SNewLine,NewLine
SNewLine,NewLine
SNewLine,NewLine
SNewLine,NewLine
SNewLine,NewLine
SNewLine,NewLine
NewLine,NewLine
NewLine,NewLine
SCastle Rock,CastleRock
Castle Rock,CastleRock
Castle Rock,CastleRock
Castle Rock,CastleRock
S:CastleRock,CastleRock
MCA,MCA
MCA,MCA
SWarners,Warners
SWarners,Warners
SWarners,Warners
SWarners,Warners
SWarners,Warners
SWarners,Warners
SWarners,Warners
SWarners,Warners
SWarners,Warners
SWarners,Warners
SWarners,Warners
SWarners,Warners
SWarners,Warners
SWarners,Warners
SWarners,Warners
SWarners,Warners
SWarners,Warners
SWarners,Warners
SWarners,Warners
SWarners,Warners
SWarners,Warners
SWarners,Warners
SWarners,Warners
SWarners,Warners
SWarners,Warners
SWarners,Warners
SWarners,Warners
SWarners,Warners
SWarners,Warners
SWarners,Warners
SWarners,Warners
SWarners,Warners
SWarners,Warners
SWarners,Warners
SWarners,Warners
SWarners,Warners
SWarners,Warners
SWarners,Warners
SWarners,Warners
SWarners,Warners
SWarners,Warners
SWarners,Warners
SWarners,Warners
SWarners,Warners
SWarners,Warners
SWarners,Warners
SWarners,Warners
SWarners,Warners
SWarners,Warners
SWarners,Warners
SWarners,Warners
SWarners,Warners
SWarners,Warners
SWarners,Warners
SWarners,Warners
SWarners,Warners
SWarners,Warners
SWarners,Warners
SWarners,Warners
SWarners,Warners
SWarners,Warners
SWarners,Warners
SWarners,Warners
SWarners,Warners
SWarners,Warners
SWarners,Warners
SWarners,Warners
SWarners,Warners
SWarners,Warners
SWarners,Warners
SWarners,Warners
SWarners,Warners
SWarners,Warners
SWarners,Warners
SWarners,Warners
SWarners,Warners
SWarners,Warners
SWarners,Warners
SWarners,Warners
SWarners,Warners
SWarners,Warners
SWarners,Warners
SWarners,Warners
SWarners,Warners
SWarners,Warners
SWarners,Warners
SWarners,Warners
SWarners,Warners
SWarners,Warners
SWarners,Warners
SWarners,Warners
SWarners,Warners
SWarners,Warners
SWarners,Warners
SWarners,Warners
SWarners,Warners
SWarners,Warners
SWarners,Warners
SWarners,Warners
SWarners,Warners
SWarners,Warners
SWarners,Warners
SWarners,Warners
SWarners,Warners
SWarners,Warners
SWarners,Warners
SWarners,Warners
SWarners,Warners
SWarners,Warners
SWarners,Warners
SWarners,Warners
SWarners,Warners
SWarners,Warners
SWarners,Warners
SWarners,Warners
SWarners,Warners
SWarners,Warners
SWarners,Warners
SWarners,Warners
SWarners,Warners
SWarners,Warners
SWarners,Warners
SWarners,Warners
SWarners,Warners
SWarners,Warners
SWarners,Warners
SWarners,Warners
SWarners,Warners
SWarners,Warners
SWarners,Warners
SWarners,Warners
SWarners,Warners
SWarners,Warners
SWarners,Warners
SWarners,Warners
SWarners,Warners
SWarners,Warners
SWarners,Warners
SWarners,Warners
SWarners,Warners
SWarners,Warners
SWarners,Warners
SWarners,Warners
SWarners,Warners
SWarners,Warners
SWarners,Warners
SWarners,Warners
SWarners,Warners
SWarners,Warners
SWarners,Warners
SWarners,Warners
SWarners,Warners
SWarners,Warners
SWarners,Warners
SWarners,Warners
SWarners,Warners
SWarners,Warners
SWarners,Warners
SWarners,Warners
SWarners,Warners
SWarners,Warners
SWarners,Warners
SWarners,Warners
SWarners,Warners
SWarners,Warners
SWarners,Warners
SWarners,Warners
SWarners,Warners
SWarners,Warners
SWarners,Warners
SWarners,Warners
SWarners,Warners
SWarners,Warners
SWarners,Warners
SWarners,Warners
SWarners,Warners
SWarners,Warners
SWarners,Warners
SWarners,Warners
SWarners,Warners
SWarners,Warners
SWarners,Warners
SWarners,Warners
SWarners,Warners
SWarners,Warners
SWarners,Warners
SWarners,Warners
SWarners,Warners
SWarners,Warners
SWarners,Warners
Warners,Warners
SWarners,Warners
SWarners,Warners
SWarners,Warners
SWarners,Warners
SWarners,Warners
SWarners,Warners
SWarners,Warners
SWarners,Warners
Warner,Warners
SWarners,Warners
SWarners,Warners
SWarners,Warners
SWarners,Warners
SWarners,Warners
SWarners,Warners
SWarners,Warners
Warners,Warners
SWarners,Warners
SWarners,Warners
SWarners,Warners
Warners,Warners
Warner,Warners
SWarners,Warners
SWarners,Warners
SWarners,Warners
SWarners,Warners
SWarners,Warners
SWarners,Warners
SWarners,Warners
SWarners,Warners
SWarners,Warners
SWarners,Warners
Warners,Warners
SWarners,Warners
SWarners,Warners
SWarners,Warners
SWarners,Warners
SWarners,Warners
SWarners,Warners
SWarners,Warners
Warners,Warners
SWarners,Warners
SWarners,Warners
SWarners,Warners
SWarners,Warners
SWarners,Warners
SWarners,Warners
SWarners,Warners
SWarners,Warners
SWarners,Warners
SWarners,Warners
SWarners,Warners
SWarners,Warners
SWarners,Warners
SWarners,Warners
SWarners,Warners
SWarners,Warners
SWarners,Warners
SWarners,Warners
SWarners,Warners
SWarners,Warners
SWarners,Warners
SWarners,Warners
SWarners,Warners
SWarners,Warners
Warners,Warners
SWarners,Warners
SWarners,Warners
SWarners,Warners
SWarners,Warners
SWarners,Warners
SWarners,Warners
SWarners,Warners
SWarners,Warners
SWarners,Warners
SWarners,Warners
SWarners,Warners
Warners,Warners
Warners,Warners
SWarners,Warners
SWarners,Warners
SWarners,Warners
SWarners,Warners
SWarners,Warners
SWarners,Warners
SWarners,Warners
SWarners,Warners
Warners,Warners
SWarners,Warners
SWarners,Warners
SWarners,Warners
SWarners,Warners
SWarners,Warners
SWarners,Warners
SWarners,Warners
SWarners,Warners
SWarners,Warners
SWarners,Warners
SWarners,Warners
SWarners,Warners
Warners,Warners
Warners,Warners
SWarners,Warners
SWarners,Warners
SWarners,Warners
SWarners,Warners
SWarners,Warners
SWarners,Warners
SWarners,Warners
SWarners,Warners
SWarners,Warners
SWarners,Warners
SWarners,Warners
SWarners,Warners
SWarners,Warners
SWarners,Warners
SWarners,Warners
SWarners,Warners
SWarners,Warners
SWarners,Warners
SWarners,Warners
SWarners,Warners
SWarners,Warners
SWarners,Warners
SWarners,Warners
SWarners,Warners
SWarners,Warners
SWarners,Warners
SWarners,Warners
SWarners,Warners
SWarners,Warners
SWarners,Warners
SWarners,Warners
SWarners,Warners
SWarners,Warners
Warners,Warners
Warners,Warners
Warners,Warners
Warners,Warners
Warners,Warners
Warners,Warners
Warners,Warners
Warners,Warners
Warners,Warners
Warners,Warners
Warners,Warners
Warners,Warners
Warners,Warners
Warners,Warners
Warners,Warners
Warners,Warners
Warners,Warners
Warners,Warners
Warners,Warners
Warners,Warners
Warners,Warners
Universal,Universal
Universal,Universal
Universal,Universal
Universal,Universal
Universal,Universal
Universal,Universal
Universal,Universal
Universal,Universal
Universal,Universal
Universal,Universal
Universal,Universal
Universal,Universal
Universal,Universal
Universal,Universal
Universal,Universal
Universal,Universal
Universal,Universal
Universal,Universal
Universal,Universal
Universal,Universal
Universal,Universal
Universal,Universal
Universal,Universal
Universal,Universal
Universal,Universal
Universal,Universal
Universal,Universal
Universal,Universal
Universal,Universal
Universal,Universal
Universal,Universal
Universal,Universal
Universal,Universal
Universal,Universal
Universal,Universal
Universal,Universal
Universal,Universal
Universal,Universal
Universal,Universal
Universal,Universal
Universal,Universal
Universal,Universal
Universal,Universal
Universal,Universal
Universal,Universal
Universal,Universal
Universal,Universal
Universal,Universal
Universal,Universal
Universal,Universal
Universal,Universal
Universal,Universal
Universal,Universal
Univeral,Universal
Universal,Universal
Universal,Universal
Universal,Universal
Universal,Universal
Universal,Universal
Universal,Universal
Universal,Universal
Universal,Universal
Universal,Universal
Universal,Universal
Universal,Universal
Universal,Universal
Universal,Universal
Universal,Universal
Universal,Universal
Universal,Universal
Universal,Universal
Universal,Universal
Universal,Universal
Universal,Universal
Universal,Universal
Universal,Universal
Universal,Universal
Universal,Universal
Universal,Universal
Universal,Universal
Universal,Universal
Universal,Universal
Universal,Universal
Universal,Universal
Universal,Universal
Universal,Universal
Univeral,Universal
Universal,Universal
Universal,Universal
Universal,Universal
Universal,Universal
Universal,Universal
Univeral,Universal
Universal,Universal
Universal,Universal
Universal,Universal
Universal,Universal
Universal,Universal
Universal,Universal
Universal,Universal
Universal,Universal
Universal,Universal
Universal,Universal
Universal,Universal
Universal,Universal
Universal,Universal
Universal,Universal
Universal,Universal
Universal,Universal
Universal,Universal
Universal,Universal
Universal,Universal
Universal,Universal
Universal,Universal
Universal,Universal
Universal,Universal
Universal,Universal
Universal,Universal
Universal,Universal
Universal,Universal
Universal,Universal
Universal,Universal
Universal,Universal
Universal,Universal
Universal,Universal
Universal,Universal
Universal,Universal
Universal,Universal
Universal,Universal
Universal,Universal
Universal,Universal
Universal,Universal
Universal,Universal
Universal,Universal
Universal,Universal
Universal,Universal
Universal,Universal
Universal,Universal
Universal,Universal
Universal,Universal
Universal,Universal
Universal,Universal
Universal,Universal
Universal,Universal
Universal,Universal
Universal,Universal
Universal,Universal
Universal,Universal
Universal,Universal
Universal,Universal
Universal,Universal
Universal,Universal
Universal,Universal
Universal,Universal
Universal,Universal
Universal,Universal
Universal,Universal
Universal,Universal
Universal,Universal
Universal,Universal
Universal,Universal
Universal,Universal
Universal,Universal
Universal,Universal
Universal,Universal
Universal,Universal
Universal,Universal
Universal,Universal
Universal,Universal
Universal,Universal
Universal,Universal
Universal,Universal
Universal,Universal
Universal,Universal
Universal,Universal
Universal,Universal
Univeral,Universal
Universal,Universal
Universal,Universal
Universal,Universal
Universal,Universal
Universal,Universal
Universal,Universal
Universal,Universal
Universal,Universal
Universal,Universal
Universal,Universal
Universal,Universal
Universal,Universal
Universal,Universal
Universal,Universal
Universal,Universal
Universal,Universal
Universal,Universal
Universal,Universal
Universal,Universal
Universal,Universal
Universal,Universal
Universal,Universal
Universal,Universal
Universal,Universal
Universal,Universal
Universal,Universal
Universal,Universal
Universal,Universal
Universal,Universal
Universal,Universal
Universal,Universal
Universal,Universal
Universal,Universal
Universal,Universal
Universal,Universal
Universal,Universal
Universal,Universal
Universal,Universal
Universal,Universal
Universal,Universal
Universal,Universal
Universal,Universal
Universal,Universal
Universal,Universal
Universal,Universal
Universal,Universal
Universal,Universal
Universal,Universal
Universal,Universal
Universal,Universal
Universal,Universal
Universal,Universal
Universal,Universal
Universal,Universal
Universal,Universal
Universal,Universal
Universal,Universal
Universal,Universal
Universal,Universal
Universal,Universal
Universal,Universal
Universal,Universal
Universal,Universal
Taksen,Taksen
SColumbia,Columbia
SColumbia,Columbia
SColumbia,Columbia
SColumbia,Columbia
SColumbia,Columbia
SColumbia,Columbia
SColumbia,Columbia
SColumbia,Columbia
SColumbia,Columbia
SColumbia,Columbia
SColumbia,Columbia
SColumbia,Columbia
SColumbia,Columbia
SColumbia,Columbia
SColumbia,Columbia
SColumbia,Columbia
SColumbia,Columbia
SColumbia,Columbia
SColumbia,Columbia
SColumbia,Columbia
SColumbia,Columbia
SColumbia,Columbia
SColumbia,Columbia
SColumbia,Columbia
SColumbia,Columbia
SColumbia,Columbia
SColumbia,Columbia
SColumbia,Columbia
SColumbia,Columbia
SColumbia,Columbia
SColumbia,Columbia
SColumbia,Columbia
SColumbia,Columbia
SColumbia,Columbia
SColumbia,Columbia
SColumbia,Columbia
SColumbia,Columbia
SColumbia,Columbia
SColumbia,Columbia
SColumbia,Columbia
SColumbia,Columbia
SColumbia,Columbia
SColumbia,Columbia
SColumbia,Columbia
SColumbia,Columbia
SColumbia,Columbia
SColumbia,Columbia
SColumbia,Columbia
SColumbia,Columbia
SColumbia,Columbia
SColumbia,Columbia
SColumbia,Columbia
SColumbia,Columbia
SColumbia,Columbia
SColumbia,Columbia
SColumbia,Columbia
SColumbia,Columbia
SColumbia,Columbia
SColumbia,Columbia
SColumbia,Columbia
SColumbia,Columbia
SColumbia,Columbia
SColumbia,Columbia
SColumbia,Columbia
SColumbia,Columbia
SColumbia,Columbia
SColumbia,Columbia
SColumbia,Columbia
SColumbia,Columbia
SColumbia,Columbia
SColumbia,Columbia
Columbia,Columbia
SColumbia,Columbia
SColumbia,Columbia
SColumbia,Columbia
SColumbia,Columbia
SColumbia,Columbia
SColumbia,Columbia
SColumbia,Columbia
SColumbia,Columbia
SColumbia,Columbia
SColumbia,Columbia
SColumbia,Columbia
SColumbia,Columbia
SColumbia,Columbia
SColumbia,Columbia
SColumbia,Columbia
SColumbia,Columbia
Columbia,Columbia
SColumbia,Columbia
SColumbia,Columbia
SColumbia,Columbia
SColumbia,Columbia
SColumbia,Columbia
SColumbia,Columbia
SColumbia,Columbia
SColumbia,Columbia
SColumbia,Columbia
SColumbia,Columbia
SColumbia,Columbia
SColumbia,Columbia
SColumbia,Columbia
SColumbia,Columbia
SColumbia,Columbia
SColumbia,Columbia
SColumbia,Columbia
Columbia,Columbia
SColumbia,Columbia
SColumbia,Columbia
SColumbia,Columbia
SColumbia,Columbia
SColumbia,Columbia
SColumbia,Columbia
SColumbia,Columbia
SColumbia,Columbia
Columbia,Columbia
SColumbia,Columbia
SColumbia,Columbia
SColumbia,Columbia
SColumbia,Columbia
SColumbia,Columbia
Columbia,Columbia
SColumbia,Columbia
SColumbia,Columbia
SColumbia,Columbia
SColumbia,Columbia
SColumbia,Columbia
SColumbia,Columbia
SColumbia,Columbia
SColumbia,Columbia
Columbia,Columbia
Columbia,Columbia
SColumbia,Columbia
SColumbia,Columbia
SColumbia,Columbia
SColumbia,Columbia
SColumbia,Columbia
SColumbia,Columbia
Columbia,Columbia
SColumbia,Columbia
SColumbia,Columbia
SColumbia,Columbia
SColumbia,Columbia
SColumbia,Columbia
SColumbia,Columbia
SColumbia,Columbia
SColumbia,Columbia
SColumbia,Columbia
SColumbia,Columbia
SColumbia,Columbia
SColumbia,Columbia
SColumbia,Columbia
SColumbia,Columbia
SColumbia,Columbia
SColumbia,Columbia
SColumbia,Columbia
SColumbia,Columbia
SColumbia,Columbia
SColumbia,Columbia
SColumbia,Columbia
SColumbia,Columbia
Columbia,Columbia
SColumbia,Columbia
SColumbia,Columbia
SColumbia,Columbia
SColumbia,Columbia
SColumbia,Columbia
SColumbia,Columbia
SColumbia,Columbia
SColumbia,Columbia
Columbia,Columbia
SColumbia,Columbia
SColumbia,Columbia
SColumbia,Columbia
SColumbia,Columbia
SColumbia,Columbia
SColumbia,Columbia
SColumbia,Columbia
SColumbia,Columbia
SColumbia,Columbia
SColumbia,Columbia
SColumbia,Columbia
SColumbia,Columbia
SColumbia,Columbia
SColumbia,Columbia
SColumbia,Columbia
SColumbia,Columbia
SColumbia,Columbia
SColumbia,Columbia
SColumbia,Columbia
SColumbia,Columbia
SColumbia,Columbia
SColumbia,Columbia
SColumbia,Columbia
SColumbia,Columbia
Columbia,Columbia
SColumbia,Columbia
SColumbia,Columbia
SColumbia,Columbia
SColumbia,Columbia
SColumbia,Columbia
SColumbia,Columbia
SColumbia,Columbia
SColumbia,Columbia
SColumbia,Columbia
Columbia,Columbia
Columbia,Columbia
Columbia,Columbia
Columbia,Columbia
Columba,Columbia
Columbia,Columbia
Columbia,Columbia
Columbia,Columbia
Columbia,Columbia
Columbia,Columbia
Columbia,Columbia
Columbia,Columbia
TriStar,TriStar
STriStar,TriStar
STriStar,TriStar
STriStar,TriStar
STriStar,TriStar
STriStar,TriStar
STriStar,TriStar
TriStar,TriStar
STriStar,TriStar
TriStar,TriStar
Metro,Metro
SRegency,Regency
Regency,Regency
SRegency,Regency
Regency,Regency
Regency,Regency
Paramount,Paramount
Paramount,Paramount
Paramount,Paramount
Paramount,Paramount
Paramount,Paramount
Paramount,Paramount
Paramount,Paramount
Paramount,Paramount
Paramount,Paramount
Paramount,Paramount
Paramount,Paramount
Paramount,Paramount
Paramount,Paramount
Paramount,Paramount
Paramount,Paramount
Paramount,Paramount
Paramount,Paramount
Paramount,Paramount
Paramount,Paramount
Paramount,Paramount
Paramount,Paramount
Paramount,Paramount
Paramount,Paramount
Paramount,Paramount
Paramount,Paramount
Paramount,Paramount
Paramount,Paramount
Paramount,Paramount
Paramount,Paramount
Paramount,Paramount
Paramount,Paramount
Paramount,Paramount
Paramount,Paramount
Paramount,Paramount
Paramount,Paramount
Paramount,Paramount
Paramount,Paramount
Paramount,Paramount
Paramount,Paramount
Paramount,Paramount
Paramount,Paramount
Paramount,Paramount
Paramount,Paramount
Paramount,Paramount
Paramount,Paramount
Paramount,Paramount
Paramount,Paramount
Paramount,Paramount
Paramount,Paramount
Paramount,Paramount
Paramount,Paramount
Paramount,Paramount
Paramount,Paramount
Paramount,Paramount
Paramount,Paramount
Paramount,Paramount
Paramount,Paramount
Paramount,Paramount
Paramount,Paramount
Paramount,Paramount
Paramount,Paramount
Paramount,Paramount
Paramount,Paramount
Paramount,Paramount
Paramount,Paramount
Paramount,Paramount
Paramount,Paramount
Paramount,Paramount
Paramount,Paramount
Paramount,Paramount
Paramount,Paramount
Paramount,Paramount
Paramount,Paramount
Paramount,Paramount
Paramount,Paramount
Paramount?,Paramount
Paramount,Paramount
Paramount,Paramount
Paramount,Paramount
Paramount,Paramount
Paramount,Paramount
Paramount,Paramount
Paramount,Paramount
Paramount,Paramount
Paramount,Paramount
Paramount,Paramount
Paramount,Paramount
Paramount,Paramount
Paramount,Paramount
Paramount,Paramount
Paramount,Paramount
Paramount,Paramount
Paramount,Paramount
Paramount,Paramount
Paramount,Paramount
Paramount,Paramount
Paramount,Paramount
Paramount,Paramount
Paramount,Paramount
Paramount,Paramount
Paramount,Paramount
Paramount,Paramount
Paramount,Paramount
Paramount,Paramount
Paramount,Paramount
Paramount,Paramount
Paramount,Paramount
Paramount,Paramount
Paramount,Paramount
Paramount,Paramount
Paramount,Paramount
Paramount,Paramount
Paramount,Paramount
Paramount,Paramount
Paramount,Paramount
Paramount,Paramount
Paramount,Paramount
Paramount,Paramount
Paramount,Paramount
Paramount,Paramount
Paramount,Paramount
Paramount,Paramount
Paramount,Paramount
Paramount,Paramount
Paramount,Paramount
Paramount,Paramount
Paramount,Paramount
Paramount,Paramount
Paramount,Paramount
Paramount,Paramount
Paramount,Paramount
Paramount,Paramount
Paramount,Paramount
Paramount,Paramount
Paramount,Paramount
Paramount,Paramount
Paramount,Paramount
Paramount,Paramount
Paramount,Paramount
Paramount,Paramount
Paramount,Paramount
Paramount,Paramount
Paramount,Paramount
Paramount,Paramount
Paramount,Paramount
Paramount,Paramount
Paramount,Paramount
Paramount,Paramount
Paramount,Paramount
Paramount,Paramount
Paramount,Paramount
Paramount,Paramount
Paramount,Paramount
Paramount,Paramount
Paramount,Paramount
Parmount,Paramount
Paramount,Paramount
Paramount,Paramount
Paramount,Paramount
Paramount,Paramount
Paramount,Paramount
Paramount,Paramount
Paramount,Paramount
Paramount,Paramount
Paramount,Paramount
Paramount,Paramount
Paramount,Paramount
Paramount,Paramount
Paramount,Paramount
Paramount,Paramount
Paramount,Paramount
Paramount,Paramount
Paramount,Paramount
Paramount,Paramount
Paramount,Paramount
Paramount,Paramount
Paramount,Paramount
Paramount,Paramount
Paramount,Paramount
Paramount,Paramount
Paramount,Paramount
Paramount,Paramount
Paramount,Paramount
Paramount,Paramount
Paramount,Paramount
Paramount,Paramount
Paramount,Paramount
Paramount,Paramount
Paramount,Paramount
Paramount,Paramount
Paramount,Paramount
Paramount,Paramount
Paramount,Paramount
Paramount,Paramount
Paramount,Paramount
Paramount,Paramount
Paramount,Paramount
Paramount,Paramount
Paramount,Paramount
Paramount,Paramount
Paramount,Paramount
Paramount,Paramount
Paramount,Paramount
Paramount,Paramount
Paramount,Paramount
Paramount,Paramount
Paramount,Paramount
Paramount,Paramount
Paramount,Paramount
Paramount,Paramount
Paramount,Paramount
Paramount,Paramount
Paramount,Paramount
Paramount,Paramount
Paramount,Paramount
Paramount,Paramount
Paramount,Paramount
Paramount,Paramount
Paramount,Paramount
Paramount,Paramount
Paramount,Paramount
Paramount,Paramount
Paramount,Paramount
Paramount,Paramount
Paramount,Paramount
Paramount,Paramount
Paramount,Paramount
Paramount,Paramount
Paramount,Paramount
Paramount,Paramount
Paramount,Paramount
Paramount,Paramount
Paramount,Paramount
Paramount,Paramount
Paramount,Paramount
Paramount,Paramount
Paramount,Paramount
Paramount,Paramount
Paramount,Paramount
Paramount,Paramount
Paramount,Paramount
Paramount,Paramount
Paramount,Paramount
Paramount,Paramount
Paramount,Paramount
Paramount,Paramount
Paramount,Paramount
Paramount,Paramount
Paramount,Paramount
Paramount,Paramount
Paramount,Paramount
Paramount,Paramount
Paramount,Paramount
Paramount,Paramount
Paramount,Paramount
Paramount,Paramount
Paramount,Paramount
Paramount,Paramount
Paramount,Paramount
Paramount,Paramount
Paramount,Paramount
Paramount,Paramount
Paramount,Paramount
Paramount,Paramount
Paramount,Paramount
Paramount,Paramount
Paramount,Paramount
Paramount,Paramount
Paramount,Paramount
Paramount,Paramount
Paramount,Paramount
Paramount,Paramount
Paramount,Paramount
Paramount,Paramount
Paramount,Paramount
Paramount,Paramount
Paramount,Paramount
Paramount,Paramount
Paramount,Paramount
Paramount,Paramount
Paramount,Paramount
Paramount,Paramount
Paramount,Paramount
Paramount,Paramount
Paramount,Paramount
Paramount,Paramount
Paramount,Paramount
Paramount,Paramount
Paramount,Paramount
Paramount,Paramount
Paramount,Paramount
Paramount,Paramount
Paramount,Paramount
Paramount,Paramount
Paramount,Paramount
Paramount,Paramount
Paramount,Paramount
Paramount,Paramount
Paramount,Paramount
Paramount,Paramount
Paramount,Paramount
Paramount,Paramount
Paramount,Paramount
Paramount,Paramount
Paramount,Paramount
Paramount,Paramount
Paramount,Paramount
Paramount,Paramount
Paramount,Paramount
Paramount,Paramount
Paramount,Paramount
Paramount,Paramount
Paramount,Paramount
Paramount,Paramount
Paramount,Paramount
Paramount,Paramount
Paramount,Paramount
Paramount,Paramount
Paramount,Paramount
Paramount,Paramount
 Paramount,Paramount
Paramount,Paramount
Paramount,Paramount
Paramount,Paramount
Paramount,Paramount
Paramount,Paramount
Paramount,Paramount
Paramount,Paramount
Paramount,Paramount
Paramount,Paramount
Paramount,Paramount
Paramount,Paramount
Paramount,Paramount
Paramount,Paramount
Paramount,Paramount
Paramount,Paramount
Paramount,Paramount
Paramount,Paramount
Paramount,Paramount
Paramount,Paramount
Paramount,Paramount
Paramount,Paramount
Paramount,Paramount
Paramount,Paramount
Paramount,Paramount
Paramount,Paramount
Paramount,Paramount
Paramount,Paramount
Paramount,Paramount
Paramount,Paramount
Paramount,Paramount
Paramount,Paramount
Pramount,Paramount
Paramount,Paramount
Paramount,Paramount
Paramount,Paramount
Paramount,Paramount
STurner,Turner
STurner,Turner
SGraniet,Graniet
Pixar,Pixar
SMiramax,Miramax
SMiramax,Miramax
SMiramax,Miramax
SMiramax,Miramax
SMiramax,Miramax
SMiramax,Miramax
SMiramax,Miramax
SMiramax,Miramax
SMiramax,Miramax
SMiramax,Miramax
SMiramax,Miramax
SMiramax,Miramax
SMiramax,Miramax
SMiramax,Miramax
SMiramax,Miramax
SMiramax,Miramax
SMiramax,Miramax
SMiramax,Miramax
Miramax,Miramax
Miramax,Miramax
SLionsGate,LionsGate
