22,made_by,Famous,H1,Famous
48,made_by,B-S-F,H3,B-S-F
51,made_by,Gainsborough,H4,Gainsborough
24,made_by,UFA,H5,UFA
51,made_by,Gainsborough,H8,Gainsborough
51,made_by,Gainsborough,H11,Gainsborough
66,made_by,Lime Grove,H25,Lime Grove
59,made_by,Elstree,H32,Elstree
79,made_by,elznick,H33,elznick
10,made_by,Universal,H37,Universal
79,made_by,elznick,H42,elznick
79,made_by,elznick,H44,elznick
111,made_by,Transatlantic,H46,Transatlantic
30,made_by,SWarners,H50,SWarners
22,made_by,Paramount,H51,Paramount
22,made_by,Paramount,H52,Paramount
22,made_by,Paramount,H57,Paramount
30,made_by,SWarners,H61,SWarners
22,made_by,Paramount,H65,Paramount
10,made_by,Universal,H79,Universal
10,made_by,Universal,H80,Universal
10,made_by,Universal,H81,Universal
10,made_by,Universal,H82,Universal
80,made_by,SPinewood,H83,SPinewood
59,made_by,SElstree,H40,SElstree
59,made_by,SElstree,H41,SElstree
146,made_by,hamley,H55,hamley
146,made_by,hamley,H58,hamley
146,made_by,hamley,H59,hamley
146,made_by,hamley,H60,hamley
146,made_by,hamley,H63,hamley
146,made_by,hamley,H66,hamley
146,made_by,hamley,H67,hamley
146,made_by,hamley,H68,hamley
146,made_by,hamley,H70,hamley
146,made_by,hamley,H72,hamley
146,made_by,hamley,H74,hamley
146,made_by,hamley,H75,hamley
146,made_by,hamley,H76,hamley
146,made_by,hamley,H77,hamley
146,made_by,hamley,H78,hamley
1,made_by,SLumiere,ALu1,SLumiere
1,made_by,SLumiere,ALu2,SLumiere
1,made_by,SLumiere,ALu3,SLumiere
1,made_by,SLumiere,ALu4,SLumiere
1,made_by,SLumiere,ALu5,SLumiere
1,made_by,SLumiere,ALu6,SLumiere
1,made_by,SLumiere,ALu7,SLumiere
1,made_by,SLumiere,ALu30,SLumiere
7,made_by,SEdison,ESP10,SEdison
7,made_by,SEdison,ESP11,SEdison
7,made_by,SEdison,ESP12,SEdison
7,made_by,SEdison,ESP16,SEdison
7,made_by,SEdison,ESP17,SEdison
22,made_by,SFamous,ESP25,SFamous
22,made_by,SFamous,ESP26,SFamous
22,made_by,SFamous,ESP27,SFamous
22,made_by,SFamous,ESP30,SFamous
22,made_by,SFamous,ESP31,SFamous
22,made_by,SFamous,ESP32,SFamous
22,made_by,SFamous,ESP33,SFamous
22,made_by,SFamous,ESP34,SFamous
22,made_by,SFamous,ESP40,SFamous
39,made_by,SBiograph,WMc10,SBiograph
7,made_by,SEdison,ThE10,SEdison
8,made_by,SEssanay,GKS60,SEssanay
17,made_by,SAmbrosio,LMi23,SAmbrosio
17,made_by,SAmbrosio,LMi35,SAmbrosio
17,made_by,SAmbrosio,MCs2,SAmbrosio
21,made_by,SArtistica Gloria,MCs10,SArtistica Gloria
26,made_by,STriangle,ThI40,STriangle
22,made_by,Paramount,ADw27,Paramount
22,made_by,Paramount,AEG25,Paramount
30,made_by,SWarners,AEG39,SWarners
30,made_by,SWarners,AEG41,SWarners
10,made_by,Universal,LoW5,Universal
10,made_by,Universal,LoW5,Universal
10,made_by,Universal,LoW10,Universal
10,made_by,Universal,LoW11,Universal
10,made_by,Universal,LoW20,Universal
10,made_by,Universal,LoW21,Universal
17,made_by,SAmbrosio,ElR10,SAmbrosio
5,made_by,SCines,NOx20,SCines
7,made_by,SEdison,BuG10,SEdison
27,made_by,SFeature Play,CDM1,SFeature Play
27,made_by,SFeature Play,CDM3,SFeature Play
27,made_by,SFeature Play,CDM5,SFeature Play
27,made_by,SFeature Play,CDM7,SFeature Play
27,made_by,SFeature Play,CDM17,SFeature Play
27,made_by,SFeature Play,CDM18,SFeature Play
22,made_by,Paramount,CDM59,Paramount
22,made_by,Paramount,CDM64,Paramount
22,made_by,Paramount,CDM70,Paramount
22,made_by,Paramount,CDM73,Paramount
22,made_by,Paramount,CDM77,Paramount
22,made_by,Paramount,CDM80,Paramount
22,made_by,Paramount,GBS42,Paramount
10,made_by,Universal,HBn8,Universal
22,made_by,Paramount,HBn25,Paramount
4,made_by,SParis,AK50,SParis
129,made_by,SLondon Films,AK78,SLondon Films
129,made_by,London Films,AK90,London Films
30,made_by,SFirst National,CC66,SFirst National
30,made_by,SFirst National,CC68,SFirst National
30,made_by,SFirst National,CC72,SFirst National
74,made_by,SRepublic,CC79,SRepublic
5,made_by,SCines,CGl10,SCines
5,made_by,SCines,CGl25,SCines
24,made_by,Union,CWl10,Union
24,made_by,Union,El9,Union
24,made_by,Union,El13,Union
24,made_by,Union,El15,Union
24,made_by,Union,EL37,Union
22,made_by,Paramount,EL44,Paramount
22,made_by,Paramount,EL51,Paramount
22,made_by,Paramount,EL52,Paramount
22,made_by,Paramount,EL54,Paramount
22,made_by,Paramount,EL55,Paramount
22,made_by,Paramount,EL57,Paramount
22,made_by,Paramount,EL58,Paramount
22,made_by,Paramount,EL60,Paramount
22,made_by,Paramount,EL62,Paramount
2,made_by,SNew York,ReB8,SNew York
2,made_by,SNew York,ReB10,SNew York
22,made_by,Paramount,ECa65,Paramount
27,made_by,SFeature Play,GMf20,SFeature Play
27,made_by,SFeature Play,GMf21,SFeature Play
22,made_by,Paramount,GMf40,Paramount
22,made_by,Paramount,GMf70,Paramount
30,made_by,SWarners,IGA50,SWarners
10,made_by,Universal,JMa60,Universal
30,made_by,SWarners,RaW59,SWarners
30,made_by,SWarners,RaW61,SWarners
30,made_by,SWarners,RaW64,SWarners
30,made_by,SWarners,RaW65,SWarners
30,made_by,SWarners,RaW66,SWarners
30,made_by,SWarners,RaW72,SWarners
30,made_by,SWarners,RaW73,SWarners
74,made_by,SRepublic,RaW77,SRepublic
30,made_by,SWarners,RaW85,SWarners
29,made_by,SPickford,WDT19,SPickford
140,made_by,SRealArt,WDT27,SRealArt
38,made_by,SGoldwyn,HK25,SGoldwyn
30,made_by,SFirst National,MaN30,SFirst National
22,made_by,Paramount,WDM3,Paramount
22,made_by,Paramount,WDM5,Paramount
30,made_by,SFirst National,BsK27,SFirst National
183,made_by,Metro,BsK37,Metro
17,made_by,SAmbrosio,FbM10,SAmbrosio
30,made_by,SWarners,FLl30,SWarners
22,made_by,Paramount,FLl80,Paramount
22,made_by,Paramount,FLl85,Paramount
38,made_by,SGoldwyn,GM190,SGoldwyn
10,made_by,Universal,GM200,Universal
22,made_by,Paramount,GM210,Paramount
22,made_by,Paramount,GM223,Paramount
22,made_by,Paramount,GM224,Paramount
22,made_by,Paramount,GM227,Paramount
22,made_by,Paramount,GM237,Paramount
22,made_by,Paramount,GM238,Paramount
22,made_by,Paramount,GM242,Paramount
22,made_by,Paramount,GM310,Paramount
10,made_by,Universal,IF15,Universal
74,made_by,SRepublic,IF106,SRepublic
30,made_by,SWarners,IF111,SWarners
30,made_by,SWarners,IF112,SWarners
50,made_by,SColumbia,IF115,SColumbia
22,made_by,Paramount,IF120,Paramount
22,made_by,Paramount,IF125,Paramount
10,made_by,Universal,RAB10,Universal
10,made_by,Universal,RAB11,Universal
10,made_by,Universal,RAB12,Universal
10,made_by,Universal,RAB13,Universal
10,made_by,Universal,RAB14,Universal
10,made_by,Universal,RWN20,Universal
10,made_by,Universal,RWN28,Universal
10,made_by,Universal,RWN34,Universal
10,made_by,Universal,RWN36,Universal
10,made_by,Universal,RWN38,Universal
10,made_by,Universal,RWN44,Universal
22,made_by,Paramount,ViS60,Paramount
22,made_by,Paramount,ViS84,Paramount
22,made_by,Paramount,ViS86,Paramount
22,made_by,Paramount,EvS7,Paramount
22,made_by,Paramount,FrN5,Paramount
10,made_by,Universal,IMS20,Universal
10,made_by,Universal,IMS30,Universal
10,made_by,Universal,IMS40,Universal
22,made_by,Paramount,JKm10,Paramount
38,made_by,SGoldwyn,KV40,SGoldwyn
30,made_by,SWarners,KV58,SWarners
10,made_by,Universal,TB55,Universal
50,made_by,SColumbia,WAS82,SColumbia
30,made_by,SWarners,WAS95,SWarners
10,made_by,Universal,WAS125,Universal
30,made_by,SWarners,C94,SWarners
30,made_by,SWarners,C104,SWarners
30,made_by,SWarners,C112,SWarners
30,made_by,SWarners,C113,SWarners
30,made_by,SFirst National,C117,SFirst National
30,made_by,SWarners,C119,SWarners
30,made_by,SWarners,C120,SWarners
30,made_by,SWarners,C121,SWarners
30,made_by,SWarners,C122,SWarners
30,made_by,SWarners,C123,SWarners
30,made_by,SWarners,C124,SWarners
30,made_by,SWarners,C127,SWarners
30,made_by,SWarners,C131,SWarners
30,made_by,SWarners,C134,SWarners
30,made_by,SWarners,C143,SWarners
30,made_by,SWarners,C157,SWarners
22,made_by,Paramount,CBa30,Paramount
30,made_by,SWarners,CBa45,SWarners
30,made_by,SWarners,CBa50,SWarners
22,made_by,Paramount,FL28,Paramount
10,made_by,Universal,FL29,Universal
22,made_by,Paramount,GAr80,Paramount
20,made_by,SLondon,JuD16,SLondon
36,made_by,U.A.,CBw9,U.A.
30,made_by,SWarners,CuB44,SWarners
22,made_by,Paramount,FB27,Paramount
50,made_by,SColumbia,FB29,SColumbia
30,made_by,SWarners,FB40,SWarners
48,made_by,B-S-F,GCt20,B-S-F
48,made_by,B-S-F,GCt21,B-S-F
30,made_by,SWarners,HWx21,SWarners
74,made_by,SRepublic,HWx54,SRepublic
86,made_by,SRoach,JWH80,SRoach
50,made_by,SColumbia,JWH100,SColumbia
51,made_by,SGainsborough,RoF20,SGainsborough
30,made_by,SWarners,SW21,SWarners
30,made_by,SWarners,SW28,SWarners
22,made_by,Paramount,VF17,Paramount
73,made_by,SMonogram,PRo55,SMonogram
73,made_by,SMonogram,PRo83,SMonogram
73,made_by,SMonogram,PRo86,SMonogram
73,made_by,SMonogram,PRo90,SMonogram
73,made_by,SMonogram,PRo93,SMonogram
73,made_by,SMonogram,PRo96,SMonogram
81,made_by,SCinetone,LuB20,SCinetone
81,made_by,SCinetone,LuB21,SCinetone
22,made_by,Paramount,WR42,Paramount
22,made_by,Paramount,WR80,Paramount
22,made_by,Paramount,WR86,Paramount
22,made_by,Paramount,WR112,Paramount
50,made_by,SColumbia,WR120,SColumbia
30,made_by,SWarners,AC7,SWarners
30,made_by,SWarners,AC8,SWarners
30,made_by,SWarners,AC9,SWarners
10,made_by,Universal,AC20,Universal
20,made_by,London,RC13,London
10,made_by,Universal,RuJ8,Universal
20,made_by,SLondon,TWh25,SLondon
29,made_by,SPickford,WiB25,SPickford
73,made_by,SMonogram,WiB100,SMonogram
73,made_by,SMonogram,WiB180,SMonogram
73,made_by,SMonogram,WiB183,SMonogram
22,made_by,Paramount,W30,Paramount
30,made_by,SWarners,W50,SWarners
30,made_by,SWarners,W56,SWarners
30,made_by,SWarners,W60,SWarners
22,made_by,Paramount,W78,Paramount
10,made_by,Universal,WWo10,Universal
30,made_by,SWarners,JR96,SWarners
10,made_by,Universal,PlL3,Universal
22,made_by,Paramount,WKH45,Paramount
30,made_by,SWarners,CLa110,SWarners
10,made_by,Universal,CLa115,Universal
10,made_by,Universal,CLa150,Universal
30,made_by,SWarners,EG16,SWarners
30,made_by,SWarners,EG17,SWarners
30,made_by,SWarners,EG18,SWarners
30,made_by,SWarners,EG25,SWarners
22,made_by,Paramount,GLC2,Paramount
10,made_by,Universal,GLC12,Universal
30,made_by,SWarners,LM2,SWarners
30,made_by,SWarners,LM20,SWarners
146,made_by,hamley,LM100,hamley
30,made_by,SWarners,LM110,SWarners
22,made_by,Paramount,PSl10,Paramount
22,made_by,Paramount,S5,Paramount
22,made_by,Paramount,S10,Paramount
22,made_by,Paramount,S11,Paramount
22,made_by,Paramount,S12,Paramount
22,made_by,Paramount,S14,Paramount
22,made_by,Paramount,S15,Paramount
22,made_by,Paramount,S16,Paramount
50,made_by,SColumbia,S17,SColumbia
10,made_by,Universal,WW12,Universal
10,made_by,Universal,WW23,Universal
10,made_by,Universal,WW30,Universal
38,made_by,SGoldwyn,WW43,SGoldwyn
30,made_by,SWarners,WW44,SWarners
30,made_by,SWarners,WW46,SWarners
38,made_by,SGoldwyn,WW47,SGoldwyn
22,made_by,Paramount,WW66,Paramount
22,made_by,Paramount,WW73,Paramount
36,made_by,U.A.,WW82,U.A.
50,made_by,SColumbia,WW85,SColumbia
30,made_by,SWarners,AM15,SWarners
30,made_by,SWarners,AM18,SWarners
38,made_by,SGoldwyn,AM23,SGoldwyn
10,made_by,Universal,ASR40,Universal
50,made_by,SColumbia,FC10,SColumbia
50,made_by,SColumbia,FC22,SColumbia
50,made_by,SColumbia,FC24,SColumbia
50,made_by,SColumbia,FC25,SColumbia
50,made_by,SColumbia,FC26,SColumbia
50,made_by,SColumbia,FC27,SColumbia
30,made_by,SWarners,FC34,SWarners
30,made_by,SWarners,HH9,SWarners
30,made_by,SWarners,HH13,SWarners
50,made_by,SColumbia,HH22,SColumbia
50,made_by,SColumbia,HH23,SColumbia
30,made_by,SWarners,HH28,SWarners
38,made_by,SGoldwyn,HH29,SGoldwyn
22,made_by,Paramount,HH37,Paramount
30,made_by,SWarners,LlB11,SWarners
30,made_by,SWarners,LlB21,SWarners
30,made_by,SWarners,LlB32,SWarners
30,made_by,SWarners,LlB35,SWarners
30,made_by,SWarners,LlB36,SWarners
30,made_by,SWarners,LlB37,SWarners
30,made_by,SWarners,LlB40,SWarners
30,made_by,SWarners,LlB50,SWarners
30,made_by,SWarners,LlB53,SWarners
30,made_by,SWarners,LlB55,SWarners
30,made_by,SWarners,LlB57,SWarners
30,made_by,SWarners,LlB59,SWarners
30,made_by,SWarners,LlB62,SWarners
30,made_by,SWarners,LlB64,SWarners
30,made_by,SWarners,LlB67,SWarners
30,made_by,SWarners,LlB80,SWarners
22,made_by,Paramount,MSC10,Paramount
10,made_by,Universal,RVL28,Universal
10,made_by,Universal,RVL30,Universal
50,made_by,SColumbia,RyT55,SColumbia
30,made_by,SWarners,WlD5,SWarners
30,made_by,SWarners,WlD18,SWarners
30,made_by,SWarners,WlD19,SWarners
30,made_by,SWarners,WlD20,SWarners
30,made_by,SWarners,WlD29,SWarners
30,made_by,SWarners,WlD35,SWarners
30,made_by,SWarners,WlD37,SWarners
30,made_by,SWarners,WlD38,SWarners
79,made_by,SSelznick,WlD43,SSelznick
79,made_by,SSelznick,WlD49,SSelznick
22,made_by,Paramount,WlD51,Paramount
22,made_by,Paramount,WlD53,Paramount
22,made_by,Paramount,WlD58,Paramount
22,made_by,Paramount,WlD61,Paramount
22,made_by,Paramount?,AJs1,Paramount?
22,made_by,Paramount,ByH5,Paramount
22,made_by,Paramount,ByH15,Paramount
22,made_by,Paramount,DaB19,Paramount
30,made_by,SWarners,DaB21,SWarners
30,made_by,SWarners,DaB26,SWarners
30,made_by,SWarners,DaB28,SWarners
30,made_by,SWarners,DaB32,SWarners
22,made_by,Paramount,DAz5,Paramount
38,made_by,SGoldwyn,DAz23,SGoldwyn
22,made_by,Paramount,FTu7,Paramount
22,made_by,Paramount,FTu19,Paramount
38,made_by,SGoldwyn,FTu20,SGoldwyn
22,made_by,Paramount,Ftu23,Paramount
22,made_by,Paramount,Ftu25,Paramount
30,made_by,SWarners,LwS150,SWarners
30,made_by,SWarners,MLR4,SWarners
30,made_by,SWarners,MLR6,SWarners
30,made_by,SWarners,MLR7,SWarners
30,made_by,SWarners,MLR12,SWarners
30,made_by,SWarners,MLR14,SWarners
30,made_by,SWarners,MLR16,SWarners
30,made_by,SWarners,MLR17,SWarners
30,made_by,SWarners,MLR43,SWarners
22,made_by,Paramount,RFl3,Paramount
10,made_by,Universal,RFl28,Universal
22,made_by,Paramount,RFl33,Paramount
22,made_by,Paramount,RFl40,Paramount
146,made_by,hamley,RFl100,hamley
146,made_by,hamley,RFl101,hamley
146,made_by,hamley,RFl102,hamley
146,made_by,hamley,RFl103,hamley
146,made_by,hamley,RFl104,hamley
30,made_by,SWarners,REn6,SWarners
30,made_by,SWarners,REn18,SWarners
30,made_by,SWarners,REn32,SWarners
30,made_by,SWarners,REn45,SWarners
10,made_by,Universal,REn53,Universal
22,made_by,Paramount,RWa10,Paramount
22,made_by,Paramount,RWa12,Paramount
79,made_by,SSelznick,RWa50,SSelznick
50,made_by,SColumbia,RWa72,SColumbia
74,made_by,SRepublic,LeJ10,SRepublic
50,made_by,SColumbia,LeJ12,SColumbia
22,made_by,Paramount,NT20,Paramount
22,made_by,Paramount,NT30,Paramount
22,made_by,Paramount,NT31,Paramount
22,made_by,Paramount,NT32,Paramount
22,made_by,Paramount,NT36,Paramount
22,made_by,Paramount,NT44,Paramount
38,made_by,SGoldwyn,NT45,SGoldwyn
10,made_by,Universal,NT50,Universal
79,made_by,SSelznick,NT55,SSelznick
30,made_by,SWarners,NT105,SWarners
22,made_by,Paramount,NT110,Paramount
22,made_by,Paramount,NT128,Paramount
22,made_by,Paramount,TG22,Paramount
51,made_by,SGainsborough,WaF10,SGainsborough
51,made_by,SGainsborough,WaF40,SGainsborough
51,made_by,SGainsborough,WaF48,SGainsborough
22,made_by,Paramount,BVi12,Paramount
10,made_by,Universal,HPo10,Universal
22,made_by,Paramount,ICr6,Paramount
22,made_by,Paramount,ICr10,Paramount
79,made_by,SSelznick,ICr24,SSelznick
79,made_by,SSelznick,ICr35,SSelznick
50,made_by,SColumbia,ICr40,SColumbia
22,made_by,Paramount,IFD50,Paramount
22,made_by,Paramount,JdL12,Paramount
22,made_by,Paramount,LMC13,Paramount
22,made_by,Paramount,LMC14,Paramount
22,made_by,Paramount,LMC18,Paramount
60,made_by,RKO,LMC19,RKO
47,made_by,Wardour,NoL30,Wardour
22,made_by,Paramount,RM1,Paramount
22,made_by,Paramount,RM2,Paramount
22,made_by,Paramount,RM3,Paramount
22,made_by,Paramount,RM4,Paramount
22,made_by,Paramount,RM5,Paramount
22,made_by,Paramount,RM10,Paramount
50,made_by,SColumbia,RM11,SColumbia
22,made_by,Paramount,RM14,Paramount
10,made_by,Universal,RSi17,Universal
10,made_by,Universal,RSi20,Universal
50,made_by,SColumbia,ThF11,SColumbia
22,made_by,Paramount,WTh10,Paramount
22,made_by,Paramount,GC1,Paramount
22,made_by,Paramount,GC4,Paramount
50,made_by,SColumbia,GC17,SColumbia
10,made_by,Universal,GC29,Universal
50,made_by,SColumbia,GC33,SColumbia
30,made_by,SWarners,GC39,SWarners
75,made_by,Fox,GC52,Fox
22,made_by,Paramount,HAA10,Paramount
22,made_by,Paramount,HPC10,Paramount
50,made_by,SColumbia,IB14,SColumbia
75,made_by,Fox,IB20,Fox
146,made_by,hamley,IB101,hamley
146,made_by,hamley,IB102,hamley
146,made_by,hamley,IB105,hamley
146,made_by,hamley,IB106,hamley
146,made_by,hamley,IB107,hamley
146,made_by,hamley,IB108,hamley
146,made_by,hamley,IB109,hamley
146,made_by,hamley,IB111,hamley
10,made_by,Universal,JW1,Universal
10,made_by,Univeral,JW4,Univeral
10,made_by,Universal,JW6,Universal
10,made_by,Universal,JW11,Universal
10,made_by,Universal,JW18,Universal
22,made_by,Paramount,LSw10,Paramount
10,made_by,Universal,MOp16,Universal
50,made_by,SColumbia,NGr20,SColumbia
10,made_by,Universal,ELC2,Universal
146,made_by,hamley,JNm60,hamley
146,made_by,hamley,JNm62,hamley
146,made_by,hamley,JNm63,hamley
146,made_by,hamley,JNm64,hamley
146,made_by,hamley,JNm67,hamley
146,made_by,hamley,JNm69,hamley
4,made_by,SParis,MAl2,SParis
4,made_by,SParis,MAl5,SParis
22,made_by,Paramount,NML4,Paramount
22,made_by,Paramount,NML5,Paramount
22,made_by,Paramount,NML23,Paramount
22,made_by,Paramount,NML24,Paramount
22,made_by,Paramount,NML31,Paramount
22,made_by,Paramount,StW7,Paramount
10,made_by,Universal,StW9,Universal
10,made_by,Universal,StW10,Universal
50,made_by,SColumbia,WCM22,SColumbia
4,made_by,SParis,YAl3,SParis
30,made_by,SWarners,AL10,SWarners
30,made_by,SWarners,AL12,SWarners
30,made_by,SWarners,AL14,SWarners
30,made_by,SWarners,AL16,SWarners
22,made_by,Paramount,AL21,Paramount
22,made_by,Paramount,AlH8,Paramount
50,made_by,SColumbia,AlH21,SColumbia
50,made_by,SColumbia,AlH22,SColumbia
50,made_by,SColumbia,AlH23,SColumbia
50,made_by,SColumbia,AlH24,SColumbia
50,made_by,SColumbia,AlH30,SColumbia
50,made_by,SColumbia,AlH38,SColumbia
61,made_by,SAllied,CMF1,SAllied
10,made_by,Universal,EaK30,Universal
10,made_by,Universal,EaK50,Universal
10,made_by,Universal,EaK51,Universal
10,made_by,Universal,EaK60,Universal
22,made_by,Paramount,ElN5,Paramount
22,made_by,Paramount,ElN7,Paramount
22,made_by,Paramount,ElN8,Paramount
30,made_by,SWarners,ElN11,SWarners
22,made_by,Paramount,ElN13,Paramount
22,made_by,Paramount,ElN15,Paramount
22,made_by,Paramount,ElN20,Paramount
22,made_by,Paramount,ELu49,Paramount
30,made_by,SWarners,HBH60,SWarners
22,made_by,Paramount,IrP19,Paramount
22,made_by,Paramount,IrP24,Paramount
10,made_by,Universal,KFr1,Universal
10,made_by,Universal,KuN4,Universal
22,made_by,Paramount,KuN12,Paramount
10,made_by,Universal,KuN40,Universal
22,made_by,Paramount,MGe10,Paramount
50,made_by,SColumbia,OP30,SColumbia
22,made_by,Paramount,OP40,Paramount
72,made_by,GFD,RoS3,GFD
10,made_by,Universal,RoS13,Universal
146,made_by,hamley,RoS50,hamley
146,made_by,hamley,RoS51,hamley
146,made_by,hamley,RoS52,hamley
146,made_by,hamley,RoS53,hamley
146,made_by,hamley,RoS54,hamley
146,made_by,hamley,RoS55,hamley
146,made_by,hamley,RoS70,hamley
50,made_by,SColumbia,SLa18,SColumbia
22,made_by,Paramount,SLa20,Paramount
22,made_by,Paramount,SLa30,Paramount
22,made_by,Paramount,StR5,Paramount
72,made_by,GFD,VrM40,GFD
51,made_by,SGainsborough,VrM42,SGainsborough
30,made_by,SWarners,WmK8,SWarners
30,made_by,SWarners,WmK11,SWarners
30,made_by,SWarners,WmK15,SWarners
30,made_by,SWarners,WmK18,SWarners
30,made_by,SWarners,WmK25,SWarners
30,made_by,SWarners,WmK27,SWarners
30,made_by,SWarners,WmK31,SWarners
50,made_by,SColumbia,Zk5,SColumbia
22,made_by,Paramount,BW4,Paramount
22,made_by,Paramount,BW5,Paramount
22,made_by,Paramount,BW7,Paramount
22,made_by,Paramount,BW8,Paramount
22,made_by,Paramount,BW10,Paramount
22,made_by,Paramount,BW11,Paramount
61,made_by,SAllied,BW14,SAllied
30,made_by,SWarners,DeD18,SWarners
30,made_by,SWarners,DeD30,SWarners
30,made_by,SWarners,DeD40,SWarners
30,made_by,SWarners,DeD42,SWarners
30,made_by,SWarners,DeD52,SWarners
30,made_by,SWarners,DeD55,SWarners
50,made_by,SColumbia,DeD60,SColumbia
30,made_by,SWarners,DeD61,SWarners
50,made_by,SColumbia,DeD62,SColumbia
30,made_by,SWarners,DeD67,SWarners
30,made_by,SWarners,DeD70,SWarners
30,made_by,SWarners,DeD75,SWarners
30,made_by,SWarners,DeD77,SWarners
30,made_by,SWarners,DeD80,SWarners
30,made_by,SWarners,DeD83,SWarners
50,made_by,SColumbia,FSt20,SColumbia
50,made_by,SColumbia,FSt24,SColumbia
50,made_by,SColumbia,FSt26,SColumbia
50,made_by,SColumbia,FSt28,SColumbia
50,made_by,SColumbia,FSt30,SColumbia
50,made_by,SColumbia,FSt32,SColumbia
50,made_by,SColumbia,FSt34,SColumbia
50,made_by,SColumbia,FSt36,SColumbia
50,made_by,SColumbia,FSt38,SColumbia
50,made_by,SColumbia,FSt40,SColumbia
50,made_by,SColumbia,FSt42,SColumbia
50,made_by,SColumbia,FSt44,SColumbia
50,made_by,SColumbia,FSt46,SColumbia
50,made_by,SColumbia,FSt48,SColumbia
50,made_by,SColumbia,FSt50,SColumbia
50,made_by,SColumbia,FSt54,SColumbia
50,made_by,SColumbia,FSt56,SColumbia
50,made_by,SColumbia,FSt58,SColumbia
50,made_by,SColumbia,FSt62,SColumbia
50,made_by,SColumbia,FSt64,SColumbia
50,made_by,SColumbia,FSt66,SColumbia
50,made_by,SColumbia,FSt68,SColumbia
50,made_by,SColumbia,FSt72,SColumbia
50,made_by,SColumbia,FSt74,SColumbia
22,made_by,Paramount,ML8,Paramount
22,made_by,Paramount,ML9,Paramount
22,made_by,Paramount,ML12,Paramount
22,made_by,Paramount,ML13,Paramount
10,made_by,Universal,RMk10,Universal
10,made_by,Universal,ArL17,Universal
10,made_by,Universal,ArL22,Universal
10,made_by,Universal,ArL26,Universal
10,made_by,Universal,ArL28,Universal
10,made_by,Universal,ArL29,Universal
10,made_by,Universal,ArL39,Universal
10,made_by,Universal,ChE1,Universal
72,made_by,GFD,CR14,GFD
50,made_by,SColumbia,CR24,SColumbia
10,made_by,Universal,DSk49,Universal
10,made_by,Universal,DSk50,Universal
10,made_by,Universal,DSk58,Universal
10,made_by,Universal,DSk62,Universal
10,made_by,Universal,EGU1,Universal
10,made_by,Universal,HY10,Universal
10,made_by,Universal,HY20,Universal
10,made_by,Universal,LeG23,Universal
30,made_by,SWarners,JN2,SWarners
30,made_by,SWarners,JN3,SWarners
30,made_by,SWarners,JN10,SWarners
22,made_by,Paramount,LoS2,Paramount
4,made_by,SParis,MPa1,SParis
30,made_by,SWarners,BBe1,SWarners
10,made_by,Universal,EDm20,Universal
22,made_by,Paramount,EDm39,Paramount
22,made_by,Paramount,EDm46,Paramount
74,made_by,SRepublic,JKa47,SRepublic
22,made_by,Parmount,LoK30,Parmount
51,made_by,SGainsborough,TWa10,SGainsborough
10,made_by,Univeral,FkS10,Univeral
22,made_by,Paramount,FMD10,Paramount
50,made_by,SColumbia,GDo23,SColumbia
30,made_by,SWarners,GDo37,SWarners
30,made_by,SWarners,GDo49,SWarners
22,made_by,Paramount,GDo71,Paramount
75,made_by,Fox,GDo79,Fox
30,made_by,SWarners,GDo92,SWarners
38,made_by,SGoldwyn,HCP1,SGoldwyn
10,made_by,Universal,HCP10,Universal
79,made_by,SSelznick,HCP22,SSelznick
10,made_by,Universal,HKo10,Universal
10,made_by,Universal,HKo12,Universal
30,made_by,SWarners,HKo21,SWarners
10,made_by,Universal,HKo36,Universal
10,made_by,Universal,LaH10,Universal
74,made_by,SRepublic,LeS80,SRepublic
73,made_by,SMonogram,LeS100,SMonogram
4,made_by,SParis,MC11,SParis
30,made_by,SWarners,WCl19,SWarners
79,made_by,SSelznick,GrR3,SSelznick
50,made_by,SColumbia,GrR12,SColumbia
30,made_by,SWarners,IFa8,SWarners
22,made_by,Paramount,IFa18,Paramount
22,made_by,Paramount,IFa24,Paramount
22,made_by,Paramount,IFa25,Paramount
22,made_by,Paramount,JPH2,Paramount
22,made_by,Paramount,JPH10,Paramount
74,made_by,SRepublic,GeS15,SRepublic
74,made_by,SRepublic,GeS27,SRepublic
20,made_by,SLondon,MP4,SLondon
20,made_by,SLondon,MP18,SLondon
73,made_by,SMonogram,NNo1,SMonogram
74,made_by,SRepublic,WWn10,SRepublic
74,made_by,SRepublic,WWn12,SRepublic
74,made_by,SRepublic,WWn30,SRepublic
74,made_by,SRepublic,WWn35,SRepublic
74,made_by,SRepublic,WWn40,SRepublic
74,made_by,SRepublic,WWn80,SRepublic
74,made_by,SRepublic,WWn101,SRepublic
74,made_by,SRepublic,WWn205,SRepublic
10,made_by,Univeral,FoB30,Univeral
10,made_by,Universal,GWg16,Universal
10,made_by,Universal,GWg23,Universal
10,made_by,Universal,LeG36,Universal
73,made_by,SMonogram,WlN10,SMonogram
73,made_by,SMonogram,WlN12,SMonogram
50,made_by,SColumbia,ChV2,SColumbia
50,made_by,SColumbia,ChV8,SColumbia
50,made_by,SColumbia,ChV26,SColumbia
22,made_by,Paramount,ChV45,Paramount
22,made_by,Paramount,DFl10,Paramount
30,made_by,SWarners,PGy10,SWarners
30,made_by,SWarners,PGy16,SWarners
50,made_by,SColumbia,RRw32,SColumbia
30,made_by,SWarners,WMG10,SWarners
73,made_by,SMonogram,BHl10,SMonogram
10,made_by,Universal,CCb10,Universal
30,made_by,SWarners,CJo20,SWarners
30,made_by,SWarners,CJo30,SWarners
30,made_by,SWarners,CJo40,SWarners
10,made_by,Universal,ECn10,Universal
10,made_by,Universal,ECn20,Universal
50,made_by,SColumbia,OW5,SColumbia
22,made_by,Paramount,PS1,Paramount
22,made_by,Paramount,PS2,Paramount
22,made_by,Paramount,PS3,Paramount
22,made_by,Paramount,PS4,Paramount
22,made_by,Paramount,PS5,Paramount
22,made_by,Paramount,PS7,Paramount
50,made_by,SColumbia,GSy30,SColumbia
22,made_by,Paramount,GSy40,Paramount
30,made_by,SWarners,IrR5,SWarners
30,made_by,SWarners,IrR6,SWarners
30,made_by,SWarners,IrR8,SWarners
30,made_by,SWarners,IrR10,SWarners
30,made_by,SWarners,IrR12,SWarners
30,made_by,SWarners,IrR16,SWarners
30,made_by,SWarners,IrR20,SWarners
30,made_by,SWarners,IrR30,SWarners
30,made_by,SWarners,IrR32,SWarners
30,made_by,SWarners,IH12,SWarners
30,made_by,SWarners,IH19,SWarners
50,made_by,SColumbia,IH35,SColumbia
50,made_by,Columbia,IH38,Columbia
165,made_by,SLorimar,IH42,SLorimar
22,made_by,Paramount,RMp13,Paramount
22,made_by,Paramount,StH5,Paramount
22,made_by,Paramount,StH13,Paramount
30,made_by,SWarners,StH23,SWarners
50,made_by,SColumbia,TTz8,SColumbia
50,made_by,SColumbia,VdS13,SColumbia
74,made_by,SRepublic,WlM10,SRepublic
22,made_by,Paramount,AnM16,Paramount
22,made_by,Paramount,AnM27,Paramount
30,made_by,SWarners,AnM30,SWarners
50,made_by,SColumbia,FZ12,SColumbia
30,made_by,SWarners,FZ14,SWarners
30,made_by,SWarners,FZ15,SWarners
50,made_by,SColumbia,FZ18,SColumbia
30,made_by,SWarners,FZ21,SWarners
10,made_by,Universal,IRa4,Universal
10,made_by,Universal,JD8,Universal
10,made_by,Universal,JeY10,Universal
141,made_by,UGC,JqB20,UGC
50,made_by,SColumbia,MiG3,SColumbia
50,made_by,SColumbia,MiG5,SColumbia
50,made_by,SColumbia,MiG7,SColumbia
50,made_by,SColumbia,MiG11,SColumbia
50,made_by,SColumbia,MiG13,SColumbia
50,made_by,SColumbia,MiG15,SColumbia
50,made_by,SColumbia,MiG17,SColumbia
50,made_by,SColumbia,MiG23,SColumbia
50,made_by,SColumbia,MiG29,SColumbia
10,made_by,Universal,MiG35,Universal
30,made_by,SWarners,VSh10,SWarners
30,made_by,SWarners,VSh15,SWarners
30,made_by,SWarners,VSh23,SWarners
73,made_by,SMonogram,WFx10,SMonogram
50,made_by,SColumbia,ChW25,SColumbia
30,made_by,SWarners,HSh10,SWarners
22,made_by,Paramount,MRs25,Paramount
22,made_by,Paramount,PHy20,Paramount
50,made_by,SColumbia,WiC51,SColumbia
50,made_by,SColumbia,WiC55,SColumbia
22,made_by,Paramount,WiC90,Paramount
22,made_by,Paramount,LAl2,Paramount
22,made_by,Paramount,LAl4,Paramount
73,made_by,SMonogram,PhK4,SMonogram
73,made_by,SMonogram,PhK7,SMonogram
73,made_by,SMonogram,PhK25,SMonogram
73,made_by,SMonogram,PhK27,SMonogram
73,made_by,SMonogram,PhK33,SMonogram
73,made_by,SMonogram,PhK39,SMonogram
73,made_by,SMonogram,Phk40,SMonogram
73,made_by,SMonogram,PhK42,SMonogram
50,made_by,Columbia,RBt17,Columbia
10,made_by,Universal,RLB9,Universal
10,made_by,Universal,RLB12,Universal
58,made_by,SEagle Lion,RWh15,SEagle Lion
146,made_by,hamley,RWh50,hamley
10,made_by,Universal,RWi34,Universal
10,made_by,Universal,RWi36,Universal
139,made_by,SLippert,SNe10,SLippert
30,made_by,SWarners,DS6,SWarners
10,made_by,Universal,DS30,Universal
30,made_by,SWarners,DS32,SWarners
10,made_by,Universal,DS33,Universal
22,made_by,Paramount,DS38,Paramount
30,made_by,SWarners,EK10,SWarners
30,made_by,SWarners,EK11,SWarners
30,made_by,SWarners,EK15,SWarners
10,made_by,Universal,FdC16,Universal
22,made_by,Paramount,GS9,Paramount
10,made_by,Universal,GS16,Universal
22,made_by,Paramount,HaW4,Paramount
22,made_by,Paramount,HaW9,Paramount
10,made_by,Universal,IBe4,Universal
73,made_by,SMonogram,MNo10,SMonogram
50,made_by,SColumbia,WlB12,SColumbia
139,made_by,SLippert,WlB20,SLippert
10,made_by,Universal,WRh10,Universal
10,made_by,Universal,ISt38,Universal
50,made_by,SColumbia,JLM16,SColumbia
22,made_by,Paramount,KeA34,Paramount
50,made_by,SColumbia,RiF22,SColumbia
30,made_by,SWarners,RiF39,SWarners
10,made_by,Universal,RMo3,Universal
146,made_by,hamley,BrW100,hamley
146,made_by,hamley,BrW101,hamley
50,made_by,SColumbia,JaH20,SColumbia
22,made_by,Paramount,LGt23,Paramount
134,made_by,FimMakers,NR7,FimMakers
74,made_by,SRepublic,NR10,SRepublic
10,made_by,Universal,APo43,Universal
50,made_by,SColumbia,JLo4,SColumbia
50,made_by,SColumbia,JLo30,SColumbia
141,made_by,UGC,JPL10,UGC
139,made_by,SLippert,LCs10,SLippert
22,made_by,Paramount,LRF15,Paramount
22,made_by,Paramount,LRF20,Paramount
50,made_by,SColumbia,RdM8,SColumbia
22,made_by,Paramount,TYg40,Paramount
22,made_by,Paramount,WAr50,Paramount
73,made_by,SMonogram,xAb1,SMonogram
75,made_by,Fox,IGu28,Fox
50,made_by,SColumbia,LLa5,SColumbia
50,made_by,SColumbia,LSm17,SColumbia
50,made_by,SColumbia,SaF13,SColumbia
22,made_by,Paramount,StD33,Paramount
30,made_by,SWarners,StD35,SWarners
10,made_by,Universal,StD51,Universal
10,made_by,Universal,StD58,Universal
74,made_by,SRepublic,FF7,SRepublic
36,made_by,U.A.,FF12,U.A.
10,made_by,Universal,FF18,Universal
30,made_by,SWarners,HFr20,SWarners
134,made_by,SFilmMakers,IdL1,SFilmMakers
134,made_by,SFilmMakers,IdL2,SFilmMakers
134,made_by,FilmMakers,IdL3,FilmMakers
134,made_by,SFilmMakers,IdL5,SFilmMakers
146,made_by,hamley,IdL10,hamley
50,made_by,SColumbia,JLT24,SColumbia
30,made_by,SWarners,JLT32,SWarners
10,made_by,Universal,JLT34,Universal
146,made_by,hamley,JoP40,hamley
146,made_by,hamley,JoP41,hamley
146,made_by,hamley,JoP43,hamley
38,made_by,MGM,MA6,MGM
22,made_by,Paramount,MFr5,Paramount
30,made_by,SWarners,MFr33,SWarners
50,made_by,SColumbia,RcB16,SColumbia
50,made_by,SColumbia,RcB17,SColumbia
50,made_by,SColumbia,CyE30,SColumbia
146,made_by,hamley,DoW51,hamley
146,made_by,hamley,DoW80,hamley
146,made_by,hamley,DoW81,hamley
146,made_by,hamley,DoW82,hamley
10,made_by,Universal,DoW120,Universal
22,made_by,Paramount,HKr30,Paramount
141,made_by,UGC,LBu1,UGC
146,made_by,hamley,PaH50,hamley
146,made_by,hamley,PaH51,hamley
146,made_by,hamley,PaH52,hamley
146,made_by,hamley,PaH53,hamley
146,made_by,hamley,PaH54,hamley
146,made_by,hamley,PaH55,hamley
10,made_by,Universal,PaH60,Universal
146,made_by,hamley,PaH106,hamley
146,made_by,hamley,PaH108,hamley
146,made_by,hamley,PaH109,hamley
146,made_by,hamley,PaH110,hamley
146,made_by,hamley,PaH112,hamley
146,made_by,hamley,PaH113,hamley
146,made_by,hamley,PaH114,hamley
146,made_by,hamley,PaH115,hamley
146,made_by,hamley,PaH116,hamley
146,made_by,hamley,PaH117,hamley
146,made_by,hamley,PaH118,hamley
146,made_by,hamley,PaH119,hamley
146,made_by,hamley,PaH120,hamley
146,made_by,hamley,PaH121,hamley
146,made_by,hamley,PaH122,hamley
146,made_by,hamley,PaH123,hamley
146,made_by,hamley,PaH124,hamley
146,made_by,hamley,PaH125,hamley
146,made_by,hamley,PaH126,hamley
146,made_by,hamley,PaH127,hamley
146,made_by,hamley,PaH128,hamley
30,made_by,SWarners,PaH215,SWarners
30,made_by,SWarners,RPa15,SWarners
50,made_by,SColumbia,RiQ15,SColumbia
22,made_by,Paramount,RiQ23,Paramount
50,made_by,SColumbia,RiQ29,SColumbia
10,made_by,Universal,RiQ35,Universal
30,made_by,SWarners,CNy15,SWarners
22,made_by,Paramount,DaM1,Paramount
50,made_by,SColumbia,DaM7,SColumbia
38,made_by,MGM,DaM10,MGM
22,made_by,Paramount,FrT5,Paramount
22,made_by,Paramount,FrT10,Paramount
22,made_by,Paramount,FrT20,Paramount
22,made_by,Paramount,FrT23,Paramount
22,made_by,Paramount,FrT25,Paramount
50,made_by,Columbia,GH25,Columbia
134,made_by,FilmMakers,HHo3,FilmMakers
146,made_by,hamley,JHo40,hamley
10,made_by,Universal,NJu3,Universal
50,made_by,SColumbia,PeB6,SColumbia
146,made_by,hamley,PhL100,hamley
146,made_by,hamley,ALv100,hamley
146,made_by,hamley,ALv101,hamley
22,made_by,Paramount,EDW10,Paramount
161,made_by,SOrion,JIv42,SOrion
30,made_by,SWarners,LiA30,SWarners
30,made_by,SWarners,RoA23,SWarners
22,made_by,Paramount,RoA57,Paramount
22,made_by,Paramount,RoA64,Paramount
30,made_by,SWarners,RoA68,SWarners
30,made_by,SWarners,StK10,SWarners
30,made_by,SWarners,StK15,SWarners
50,made_by,SColumbia,AMa60,SColumbia
80,made_by,SPinewood,GGr8,SPinewood
22,made_by,Paramount,GGr18,Paramount
30,made_by,SWarners,JWe1,SWarners
30,made_by,SWarners,JWe3,SWarners
30,made_by,SWarners,JWe6,SWarners
22,made_by,Paramount,PeG3,Paramount
10,made_by,Universal,BE4,Universal
22,made_by,Paramount,BE7,Paramount
50,made_by,SColumbia,BE9,SColumbia
30,made_by,SWarners,BE12,SWarners
30,made_by,Warners,BE23,Warners
165,made_by,SLorimar,BE30,SLorimar
80,made_by,Pinewood,BE34,Pinewood
50,made_by,SColumbia,BE37,SColumbia
50,made_by,SColumbia,CSG10,SColumbia
146,made_by,hamley,DM100,hamley
146,made_by,hamley,DM101,hamley
22,made_by,Paramount,GFj10,Paramount
30,made_by,SWarners,InA10,SWarners
30,made_by,SWarners,InA15,SWarners
22,made_by,Paramount,JCn6,Paramount
146,made_by,hamley,JuA100,hamley
146,made_by,hamley,JuA101,hamley
146,made_by,hamley,JuA102,hamley
146,made_by,hamley,JuA103,hamley
146,made_by,hamley,JuA106,hamley
146,made_by,hamley,JuA107,hamley
22,made_by,Paramount,MvS1,Paramount
22,made_by,Paramount,MvS2,Paramount
22,made_by,Paramount,MvS3,Paramount
22,made_by,Paramount,MvS10,Paramount
22,made_by,Paramount,NPa3,Paramount
146,made_by,hamley,RAl20,hamley
22,made_by,Paramount,RAl62,Paramount
30,made_by,SWarners,RAl68,SWarners
50,made_by,SColumbia,RAl72,SColumbia
22,made_by,Paramount,RAl73,Paramount
61,made_by,SAllied,RCo23,SAllied
112,made_by,AIP,RCo38,AIP
74,made_by,SRepublic,RMl1,SRepublic
146,made_by,hamley,RSt100,hamley
146,made_by,hamley,RSt102,hamley
146,made_by,hamley,RSt103,hamley
146,made_by,hamley,RSt104,hamley
146,made_by,hamley,RSt105,hamley
146,made_by,hamley,RSt107,hamley
146,made_by,hamley,RSt108,hamley
146,made_by,hamley,RSt109,hamley
146,made_by,hamley,RSt110,hamley
146,made_by,hamley,RSt111,hamley
146,made_by,hamley,RSt112,hamley
146,made_by,hamley,RSt113,hamley
146,made_by,hamley,RSt114,hamley
146,made_by,hamley,RSt115,hamley
146,made_by,hamley,RSt116,hamley
146,made_by,hamley,RSt117,hamley
146,made_by,hamley,RSt118,hamley
146,made_by,hamley,RSt319,hamley
146,made_by,hamley,RSt320,hamley
146,made_by,hamley,RSt321,hamley
146,made_by,hamley,RSt324,hamley
146,made_by,hamley,RSt325,hamley
146,made_by,hamley,RSt326,hamley
146,made_by,hamley,RSt327,hamley
146,made_by,hamley,RSt329,hamley
146,made_by,hamley,RSt330,hamley
146,made_by,hamley,RSt331,hamley
146,made_by,hamley,RSt332,hamley
146,made_by,hamley,RSt334,hamley
146,made_by,hamley,RSt335,hamley
146,made_by,hamley,RSt336,hamley
146,made_by,hamley,RSt338,hamley
146,made_by,hamley,RSt339,hamley
146,made_by,hamley,RSt340,hamley
146,made_by,hamley,RSt341,hamley
146,made_by,hamley,RSt342,hamley
146,made_by,hamley,RSt344,hamley
146,made_by,hamley,RSt441,hamley
146,made_by,hamley,RSt442,hamley
146,made_by,hamley,RSt445,hamley
146,made_by,hamley,RSt446,hamley
50,made_by,SColumbia,SK12,SColumbia
36,made_by,U.A.,CD8,U.A.
50,made_by,SColumbia,CD22,SColumbia
146,made_by,hamley,FCk1,hamley
146,made_by,hamley,FCk2,hamley
36,made_by,U.A.,FiC1,U.A.
50,made_by,Columbia,GeP40,Columbia
146,made_by,hamley,HeD100,hamley
146,made_by,hamley,HeD102,hamley
146,made_by,hamley,HeD104,hamley
146,made_by,hamley,HeD106,hamley
146,made_by,hamley,HeD109,hamley
146,made_by,hamley,HeD111,hamley
146,made_by,hamley,HeD112,hamley
146,made_by,hamley,HeD113,hamley
146,made_by,hamley,HeD114,hamley
146,made_by,hamley,HeD115,hamley
146,made_by,hamley,HeD116,hamley
146,made_by,hamley,HeD117,hamley
146,made_by,hamley,HeD119,hamley
146,made_by,hamley,HeD120,hamley
146,made_by,hamley,HeD122,hamley
146,made_by,hamley,HeD123,hamley
146,made_by,hamley,HeD125,hamley
146,made_by,hamley,HeD126,hamley
146,made_by,hamley,IML101,hamley
146,made_by,hamley,IML102,hamley
146,made_by,hamley,JNs100,hamley
146,made_by,hamley,JNs101,hamley
146,made_by,hamley,JNs102,hamley
146,made_by,hamley,JNs103,hamley
146,made_by,hamley,JNs104,hamley
146,made_by,hamley,JNs105,hamley
146,made_by,hamley,JNs106,hamley
146,made_by,hamley,JNs107,hamley
146,made_by,hamley,JNs108,hamley
146,made_by,hamley,JNs109,hamley
146,made_by,hamley,JNs110,hamley
146,made_by,hamley,JNs111,hamley
146,made_by,hamley,JNs112,hamley
146,made_by,hamley,JuB101,hamley
146,made_by,hamley,JuB104,hamley
170,made_by,SNewLine,LMa37,SNewLine
22,made_by,Paramount,MR4,Paramount
22,made_by,Paramount,MR15,Paramount
10,made_by,Universal,MR17,Universal
50,made_by,SColumbia,MR19,SColumbia
50,made_by,SColumbia,RoV7,SColumbia
146,made_by,hamley,ArH102,hamley
146,made_by,hamley,ArH103,hamley
146,made_by,hamley,ArH104,hamley
146,made_by,hamley,ArH106,hamley
146,made_by,hamley,ArH108,hamley
146,made_by,hamley,ArH110,hamley
146,made_by,hamley,ArH113,hamley
146,made_by,hamley,ArH114,hamley
146,made_by,hamley,ArH115,hamley
146,made_by,hamley,ArH116,hamley
146,made_by,hamley,ArH117,hamley
10,made_by,Universal,ArH236,Universal
61,made_by,SAllied,AuJ10,SAllied
146,made_by,hamley,DTa100,hamley
146,made_by,hamley,DTa101,hamley
146,made_by,hamley,DTa102,hamley
146,made_by,hamley,DTa103,hamley
146,made_by,hamley,DTa104,hamley
146,made_by,hamley,DTa105,hamley
146,made_by,hamley,DTa106,hamley
44,made_by,SSeven Arts,IFr6,SSeven Arts
22,made_by,Paramount,IFr25,Paramount
75,made_by,Fox,JBC14,Fox
10,made_by,Universal,MiW12,Universal
22,made_by,Paramount,MiW23,Paramount
10,made_by,Universal,RMu37,Universal
22,made_by,Paramount,SJF19,Paramount
161,made_by,Orion,SL1,Orion
22,made_by,Paramount,SL3,Paramount
50,made_by,SColumbia,SL7,SColumbia
30,made_by,SWarners,SL14,SWarners
50,made_by,SColumbia,SL19,SColumbia
30,made_by,SWarners,SL50,SWarners
30,made_by,SWarners,SL52,SWarners
22,made_by,Paramount,SL59,Paramount
10,made_by,Universal,SS4,Universal
10,made_by,Universal,SS5,Universal
45,made_by,MCA,SS6,MCA
30,made_by,SWarners,SS13,SWarners
10,made_by,Universal,SS26,Universal
10,made_by,Universal,SS32,Universal
146,made_by,hamley,SSi115,hamley
30,made_by,SWarners,AN10,SWarners
30,made_by,Warner,ArP5,Warner
30,made_by,SWarners,ArP15,SWarners
146,made_by,hamley,BoS50,hamley
146,made_by,hamley,BoS61,hamley
146,made_by,hamley,BoS62,hamley
30,made_by,SWarners,BoS75,SWarners
146,made_by,hamley,DLR3,hamley
146,made_by,hamley,DLR4,hamley
10,made_by,Universal,DLR5,Universal
10,made_by,Universal,DLR10,Universal
146,made_by,hamley,DVs1,hamley
148,made_by,SCarosse,FT2,SCarosse
148,made_by,SCarosse,FT4,SCarosse
148,made_by,SCarosse,FT6,SCarosse
80,made_by,Pinewood,FT7,Pinewood
148,made_by,Carosse,FT8,Carosse
148,made_by,SCarosse,FT9,SCarosse
148,made_by,SCarosse,FT10,SCarosse
148,made_by,SCarosse,FT12,SCarosse
148,made_by,SCarosse,FT13,SCarosse
148,made_by,SCarosse,FT14,SCarosse
148,made_by,SCarosse,FT15,SCarosse
148,made_by,Carosse,FT16,Carosse
148,made_by,Carosse,FT18,Carosse
148,made_by,SCarosse,FT20,SCarosse
148,made_by,Carosse,FT21,Carosse
148,made_by,SCarosse,FT28,SCarosse
148,made_by,SCarosse,FT30,SCarosse
50,made_by,SColumbia,IGi10,SColumbia
30,made_by,SWarners,IrK15,SWarners
161,made_by,SOrion,IrK25,SOrion
22,made_by,Paramount,JCa7,Paramount
136,made_by,SMGM British,JCa9,SMGM British
22,made_by,Paramount,KRz25,Paramount
169,made_by,TriStar,KRz40,TriStar
30,made_by,SWarners,MdC10,SWarners
146,made_by,hamley,NLl93,hamley
146,made_by,hamley,NLl95,hamley
146,made_by,hamley,NLl96,hamley
146,made_by,hamley,NLl97,hamley
146,made_by,hamley,NLl98,hamley
146,made_by,hamley,NLl99,hamley
146,made_by,hamley,NLl100,hamley
146,made_by,hamley,NLl103,hamley
146,made_by,hamley,NLl104,hamley
146,made_by,hamley,NLl107,hamley
146,made_by,hamley,NLl108,hamley
146,made_by,hamley,NLl109,hamley
146,made_by,hamley,NLl111,hamley
146,made_by,hamley,NLl113,hamley
146,made_by,hamley,NLl114,hamley
146,made_by,hamley,NLl115,hamley
137,made_by,SAstor,RCu10,SAstor
50,made_by,Columbia,SHo2,Columbia
146,made_by,hamley,WWh50,hamley
146,made_by,hamley,ChH10,hamley
61,made_by,SAllied,DPt19,SAllied
148,made_by,SCarosse,ERr37,SCarosse
146,made_by,hamley,INw30,hamley
146,made_by,hamley,INw31,hamley
146,made_by,hamley,INw32,hamley
146,made_by,hamley,INw33,hamley
146,made_by,hamley,LeH10,hamley
146,made_by,hamley,Leh20,hamley
146,made_by,hamley,Leh21,hamley
146,made_by,hamley,PlA100,hamley
146,made_by,hamley,PlA101,hamley
50,made_by,SColumbia,PWe2,SColumbia
146,made_by,hamley,SRo1,hamley
146,made_by,hamley,SRo2,hamley
146,made_by,hamley,SRo3,hamley
146,made_by,hamley,SRo4,hamley
30,made_by,SWarners,SRo20,SWarners
30,made_by,SWarners,SRo35,SWarners
10,made_by,Universal,TRs23,Universal
161,made_by,SOrion,TRs25,SOrion
30,made_by,SWarners,VJD2,SWarners
146,made_by,hamley,ACj110,hamley
146,made_by,hamley,ACj111,hamley
146,made_by,hamley,ACj112,hamley
146,made_by,hamley,ACj113,hamley
146,made_by,hamley,ACj115,hamley
146,made_by,hamley,ACj116,hamley
146,made_by,hamley,ACj117,hamley
146,made_by,hamley,ACj119,hamley
146,made_by,hamley,ACj120,hamley
146,made_by,hamley,ACj121,hamley
146,made_by,hamley,ACj122,hamley
146,made_by,hamley,ACj123,hamley
146,made_by,hamley,ACj124,hamley
146,made_by,hamley,ACj125,hamley
146,made_by,hamley,ACj127,hamley
146,made_by,hamley,ACj128,hamley
145,made_by,SFilmservice,BiK10,SFilmservice
22,made_by,Paramount,DuC10,Paramount
146,made_by,hamley,GeR1,hamley
146,made_by,hamley,GSj1,hamley
146,made_by,hamley,GSj2,hamley
146,made_by,hamley,HAG1,hamley
22,made_by,Paramount,JL5,Paramount
22,made_by,Paramount,JL10,Paramount
22,made_by,Paramount,JL13,Paramount
22,made_by,Paramount,JL15,Paramount
30,made_by,Warners,JWa2,Warners
110,made_by,SNew World,MeW30,SNew World
146,made_by,hamley,AKj10,hamley
146,made_by,hamley,AKj11,hamley
146,made_by,hamley,AKj12,hamley
146,made_by,hamley,AKj13,hamley
146,made_by,hamley,AKj14,hamley
146,made_by,hamley,AKj15,hamley
146,made_by,hamley,AKj17,hamley
146,made_by,hamley,AKj18,hamley
146,made_by,hamley,AKj19,hamley
146,made_by,hamley,AKj21,hamley
22,made_by,Paramount,EOB1,Paramount
30,made_by,SWarners,FrF45,SWarners
161,made_by,SOrion,GeW5,SOrion
50,made_by,SColumbia,GoH54,SColumbia
30,made_by,SWarners,JoQ10,SWarners
22,made_by,Paramount,MBd10,Paramount
50,made_by,SColumbia,RDL15,SColumbia
30,made_by,SWarners,RDL19,SWarners
22,made_by,Paramount,RoP5,Paramount
22,made_by,Paramount,RoP9,Paramount
36,made_by,U.A.,SaP20,U.A.
30,made_by,Warners,SeL55,Warners
75,made_by,Fox,BB8,Fox
163,made_by,SMiramax,BB17,SMiramax
146,made_by,hamley,BGi10,hamley
146,made_by,hamley,BGi11,hamley
146,made_by,hamley,BGi13,hamley
146,made_by,hamley,BGi16,hamley
146,made_by,hamley,BGi17,hamley
146,made_by,hamley,BGi18,hamley
146,made_by,hamley,BGi19,hamley
146,made_by,hamley,BGi20,hamley
146,made_by,hamley,BGi21,hamley
50,made_by,SColumbia,CJ4,SColumbia
10,made_by,Universal,FPy10,Universal
22,made_by,Paramount,FPy20,Paramount
10,made_by,Universal,GRH5,Universal
10,made_by,Universal,GRH9,Universal
10,made_by,Universal,GRH10,Universal
30,made_by,Warner,GRH11,Warner
146,made_by,hamley,JsL10,hamley
30,made_by,SWarners,LHM1,SWarners
50,made_by,SColumbia,PY19,SColumbia
169,made_by,STriStar,PY25,STriStar
30,made_by,SWarners,RD9,SWarners
30,made_by,SWarners,RD15,SWarners
50,made_by,SColumbia,RD30,SColumbia
30,made_by,SWarners,RD37,SWarners
50,made_by,SColumbia,RNe1,SColumbia
146,made_by,hamley,SP5,hamley
146,made_by,hamley,SP6,hamley
50,made_by,SColumbia,SP25,SColumbia
22,made_by,Paramount,SP31,Paramount
30,made_by,SWarners,SP40,SWarners
30,made_by,SWarners,SP45,SWarners
30,made_by,SWarners,SP49,SWarners
50,made_by,Columbia,SP55,Columbia
50,made_by,Columbia,SP57,Columbia
10,made_by,Universal,SP61,Universal
22,made_by,Paramount,SP67,Paramount
22,made_by,Paramount,ASe10,Paramount
30,made_by,SWarners,BdY6,SWarners
30,made_by,SWarners,FFC3,SWarners
22,made_by,Paramount,FFC6,Paramount
121,made_by,SZoetrope,FFC12,SZoetrope
50,made_by,SColumbia,FFC26,SColumbia
30,made_by,SWarners,FJS5,SWarners
30,made_by,Warners,FJS29,Warners
146,made_by,hamley,HvH11,hamley
146,made_by,hamley,HvH12,hamley
146,made_by,hamley,HvH14,hamley
10,made_by,Universal,ILa34,Universal
22,made_by,Paramount,ILa38,Paramount
22,made_by,Paramount,ILa55,Paramount
146,made_by,hamley,JaS10,hamley
146,made_by,hamley,JaS11,hamley
146,made_by,hamley,JaS12,hamley
146,made_by,hamley,JaS13,hamley
146,made_by,hamley,JaS13,hamley
10,made_by,Universal,JaS40,Universal
10,made_by,Universal,JaS46,Universal
10,made_by,Universal,JaS48,Universal
146,made_by,hamley,JSn10,hamley
30,made_by,SWarners,NJ16,SWarners
50,made_by,SColumbia,NJ20,SColumbia
22,made_by,Paramount,PK3,Paramount
30,made_by,SWarners,PK7,SWarners
146,made_by,hamley,RtD10,hamley
146,made_by,hamley,RtD13,hamley
146,made_by,hamley,HaM11,hamley
166,made_by,SBuena Vista,IDk30,SBuena Vista
10,made_by,Universal,JGs6,Universal
10,made_by,Universal,JGs20,Universal
10,made_by,Universal,JGs31,Universal
30,made_by,SWarners,KRu4,SWarners
146,made_by,hamley,LwT10,hamley
161,made_by,SOrion,LwT50,SOrion
157,made_by,SGranada,MAp7,SGranada
10,made_by,Universal,MAp27,Universal
170,made_by,SNewLine,MAp45,SNewLine
22,made_by,Paramount,MF7,Paramount
22,made_by,Paramount,MF8,Paramount
44,made_by,even Arts,PTw1,even Arts
146,made_by,hamley,WFr10,hamley
146,made_by,hamley,WFr11,hamley
146,made_by,hamley,WFr12,hamley
146,made_by,hamley,WFr13,hamley
146,made_by,hamley,WFr14,hamley
30,made_by,SWarners,WFr36,SWarners
165,made_by,SLorimar,WFr42,SLorimar
22,made_by,Paramount,WFr75,Paramount
38,made_by,MGM,AMD3,MGM
10,made_by,Universal,CCG7,Universal
4,made_by,SParis,CCG8,SParis
169,made_by,STriStar,CCG15,STriStar
50,made_by,SColumbia,EtS7,SColumbia
30,made_by,SWarners,FrP2,SWarners
146,made_by,hamley,HCo10,hamley
30,made_by,SWarners,IBo5,SWarners
30,made_by,SWarners,IBo7,SWarners
30,made_by,Warners,IBo20,Warners
50,made_by,SColumbia,JBH10,SColumbia
50,made_by,SColumbia,SSa10,SColumbia
30,made_by,SWarners,WCo10,SWarners
50,made_by,SColumbia,BBw10,SColumbia
10,made_by,Universal,EBy10,Universal
22,made_by,Paramount,FZe2,Paramount
50,made_by,Columbia,GiG10,Columbia
30,made_by,SWarners,HyA3,SWarners
22,made_by,Paramount,JSg22,Paramount
10,made_by,Universal,JSk25,Universal
30,made_by,SWarners,MeG12,SWarners
36,made_by,U.A.,MN2,U.A.
50,made_by,SColumbia,MN6,SColumbia
22,made_by,Paramount,MN11,Paramount
22,made_by,Paramount,MN22,Paramount
30,made_by,SWarners,REM5,SWarners
50,made_by,SColumbia,SNz10,SColumbia
50,made_by,SColumbia,ADr10,SColumbia
10,made_by,Universal,BuK5,Universal
50,made_by,SColumbia,CaR1,SColumbia
50,made_by,SColumbia,CaR5,SColumbia
30,made_by,SWarners,CaR15,SWarners
10,made_by,Universal,CaR20,Universal
30,made_by,SWarners,CaR21,SWarners
50,made_by,SColumbia,CaR24,SColumbia
10,made_by,Universal,CaR38,Universal
38,made_by,MGM,IAv16,MGM
50,made_by,SColumbia,IAv18,SColumbia
30,made_by,SWarners,IAv19,SWarners
22,made_by,Paramount,LaJ13,Paramount
30,made_by,SWarners,MRt5,SWarners
22,made_by,Paramount,MRt7,Paramount
10,made_by,Universal,MRt11,Universal
10,made_by,Universal,MRt18,Universal
30,made_by,SWarners,PCo13,SWarners
30,made_by,SWarners,ToL10,SWarners
110,made_by,SNew World,AnP7,SNew World
50,made_by,SColumbia,BdP11,SColumbia
162,made_by,SFilmways,BdP14,SFilmways
10,made_by,Universal,BdP16,Universal
50,made_by,SColumbia,BdP17,SColumbia
50,made_by,SColumbia,BdP19,SColumbia
50,made_by,SColumbia,BdP21,SColumbia
10,made_by,Universal,BdP26,Universal
22,made_by,Paramount,BdP30,Paramount
22,made_by,Paramount,BzK8,Paramount
22,made_by,Paramount,BzK20,Paramount
10,made_by,Universal,GiC10,Universal
30,made_by,SWarners,GiC12,SWarners
30,made_by,SWarners,JOC10,SWarners
123,made_by,SBox Office,JRl10,SBox Office
123,made_by,SBox Office,JRl15,SBox Office
123,made_by,SBox Office,JRl20,SBox Office
50,made_by,SColumbia,KBi5,SColumbia
30,made_by,SWarners,MB3,SWarners
30,made_by,SWarners,MRy1,SWarners
22,made_by,Paramount,MRy21,Paramount
22,made_by,Paramount,PBo2,Paramount
30,made_by,SWarners,PBo5,SWarners
22,made_by,Paramount,PBo6,Paramount
50,made_by,SColumbia,PBo9,SColumbia
10,made_by,Universal,PBo15,Universal
30,made_by,SWarners,PlB12,SWarners
30,made_by,SWarners,PlB20,SWarners
30,made_by,SWarners,UlG3,SWarners
22,made_by,Paramount,WLW10,Paramount
30,made_by,SWarners,BSc25,SWarners
50,made_by,SColumbia,BSc28,SColumbia
30,made_by,SWarners,DCa5,SWarners
50,made_by,SColumbia,HbR6,SColumbia
22,made_by,Paramount,HbR21,Paramount
169,made_by,STriStar,HbR30,STriStar
166,made_by,SBuena Vista,HbR31,SBuena Vista
50,made_by,SColumbia,IDx5,SColumbia
50,made_by,SColumbia,RA2,SColumbia
50,made_by,SColumbia,RA5,SColumbia
161,made_by,SOrion,WA10,SOrion
161,made_by,SOrion,WA12,SOrion
161,made_by,SOrion,WA13,SOrion
161,made_by,Orion,WA14,Orion
161,made_by,SOrion,WA15,SOrion
161,made_by,SOrion,WA17,SOrion
161,made_by,SOrion,WA19,SOrion
10,made_by,Universal,WiG10,Universal
50,made_by,SColumbia,Z1010,SColumbia
162,made_by,SFilmways,BGH20,SFilmways
125,made_by,SGolden Harvest,BGH26,SGolden Harvest
50,made_by,SColumbia,BRf1,SColumbia
50,made_by,SColumbia,BRf2,SColumbia
30,made_by,SWarners,BRf20,SWarners
161,made_by,SOrion,DCr14,SOrion
165,made_by,Lorimar,DCr17,Lorimar
75,made_by,Fox,DCr20,Fox
22,made_by,Paramount,EMa10,Paramount
50,made_by,SColumbia,EMa25,SColumbia
50,made_by,Columbia,FSc18,Columbia
22,made_by,Paramount,HAs2,Paramount
50,made_by,SColumbia,HAs3,SColumbia
50,made_by,SColumbia,HAs4,SColumbia
165,made_by,SLorimar,HAs7,SLorimar
22,made_by,Paramount,HAs9,Paramount
165,made_by,SLorimar,HAs10,SLorimar
22,made_by,Paramount,HWe10,Paramount
50,made_by,SColumbia,JaB5,SColumbia
10,made_by,Universal,JSb3,Universal
10,made_by,Universal,JSb10,Universal
30,made_by,SWarners,JSb13,SWarners
30,made_by,SWarners,KCo20,SWarners
30,made_by,SWarners,MS4,SWarners
50,made_by,SColumbia,MS5,SColumbia
75,made_by,Fox,MS19,Fox
30,made_by,Warners,MS20,Warners
30,made_by,SWarners,MWa10,SWarners
50,made_by,SColumbia,PM1,SColumbia
30,made_by,SWarners,PM3,SWarners
30,made_by,SWarners,RBe2,SWarners
50,made_by,SColumbia,RBe3,SColumbia
22,made_by,Paramount,RBe19,Paramount
170,made_by,SNewLine,WCr15,SNewLine
30,made_by,SWarners,AJP1,SWarners
22,made_by,Paramount,AJP2,Paramount
30,made_by,SWarners,AJP15,SWarners
10,made_by,Universal,CEa2,Universal
30,made_by,SWarners,CEa4,SWarners
10,made_by,Universal,CEa6,Universal
30,made_by,SWarners,CEa9,SWarners
119,made_by,SMalpaso,CEa10,SMalpaso
119,made_by,SMalpaso,CEa12,SMalpaso
119,made_by,SMalpaso,CEa14,SMalpaso
30,made_by,SWarners,CEa15,SWarners
30,made_by,SWarners,CEa17,SWarners
119,made_by,Malpaso,CEa21,Malpaso
22,made_by,Paramount,CoH1,Paramount
10,made_by,Universal,CoH3,Universal
10,made_by,Universal,DTr3,Universal
30,made_by,SWarners,EPe10,SWarners
10,made_by,Universal,GgL2,Universal
22,made_by,Paramount,HJ7,Paramount
10,made_by,Universal,IBa7,Universal
22,made_by,Paramount,IBa9,Paramount
10,made_by,Universal,IBa10,Universal
50,made_by,SColumbia,IBa13,SColumbia
50,made_by,SColumbia,IvR4,SColumbia
50,made_by,Columbia,IvR6,Columbia
10,made_by,Universal,IvR14,Universal
165,made_by,Lorimar,MvC30,Lorimar
22,made_by,Paramount,PWr8,Paramount
30,made_by,SWarners,PWr10,SWarners
22,made_by,Paramount,PWr21,Paramount
22,made_by,Paramount,RBa12,Paramount
30,made_by,Warners,SPo2,Warners
50,made_by,SColumbia,Spo8,SColumbia
30,made_by,Warners,StF5,Warners
50,made_by,SColumbia,StF12,SColumbia
50,made_by,SColumbia,StF14,SColumbia
157,made_by,SGranada,EuM10,SGranada
30,made_by,SWarners,GCS10,SWarners
10,made_by,Universal,JeJ10,Universal
163,made_by,SMiramax,PMe30,SMiramax
36,made_by,U.A.,RAC10,U.A.
30,made_by,SWarners,AMy18,SWarners
30,made_by,SWarners,AMy20,SWarners
161,made_by,SOrion,APa20,SOrion
153,made_by,STodrest,GKc4,STodrest
22,made_by,Paramount,IWo40,Paramount
36,made_by,U.A.,MCi1,U.A.
30,made_by,SWarners,MiC20,SWarners
30,made_by,SWarners,RbC20,SWarners
50,made_by,SColumbia,TMa1,SColumbia
22,made_by,Paramount,TMa10,Paramount
10,made_by,Universal,DaG6,Universal
10,made_by,Universal,ICa9,Universal
184,made_by,SRegency,ICa20,SRegency
22,made_by,Paramount,ICa25,Paramount
110,made_by,SNew World,JDe1,SNew World
110,made_by,SNew World,JDe3,SNew World
10,made_by,Universal,JDe10,Universal
30,made_by,SWarners,JDe15,SWarners
169,made_by,STriStar,JMS9,STriStar
10,made_by,Univeral,JSz3,Univeral
10,made_by,Universal,JSz4,Universal
22,made_by,Paramount,SBs10,Paramount
161,made_by,SOrion,StC30,SOrion
50,made_by,SColumbia,HeB12,SColumbia
161,made_by,SOrion,JKp33,SOrion
160,made_by,Double,NSg10,Double
22,made_by,Paramount,RaK5,Paramount
50,made_by,SColumbia,RaK7,SColumbia
10,made_by,Universal,RKi10,Universal
10,made_by,Universal,TGi5,Universal
50,made_by,SColumbia,TGi6,SColumbia
22,made_by,Paramount,TNu10,Paramount
22,made_by,Paramount,WHl4,Paramount
22,made_by,Paramount,WHl10,Paramount
10,made_by,Universal,WHl15,Universal
10,made_by,Universal,WHl30,Universal
30,made_by,SWarners,WWi10,SWarners
22,made_by,Paramount,BeG10,Paramount
160,made_by,SDouble,BRB3,SDouble
50,made_by,SColumbia,CkB10,SColumbia
30,made_by,SWarners,JFg10,SWarners
10,made_by,Universal,JoD26,Universal
22,made_by,Paramount,JsF10,Paramount
30,made_by,Warners,LIC20,Warners
161,made_by,SOrion,LIC30,SOrion
36,made_by,U.A.,MMi10,U.A.
30,made_by,SWarners,RHo5,SWarners
10,made_by,Universal,RHo22,Universal
10,made_by,Universal,RHo29,Universal
10,made_by,Universal,RHo34,Universal
110,made_by,SNew World,SRf21,SNew World
22,made_by,Paramount,TKo22,Paramount
163,made_by,SMiramax,WiW20,SMiramax
30,made_by,SWarners,HNe25,SWarners
50,made_by,SColumbia,JNi1,SColumbia
22,made_by,Paramount,JNi20,Paramount
50,made_by,SColumbia,JNi24,SColumbia
22,made_by,Paramount,MPr1,Paramount
22,made_by,Paramount,MPr6,Paramount
10,made_by,Universal,MPr11,Universal
116,made_by,Hallmark,MPr25,Hallmark
22,made_by,Paramount,RCj10,Paramount
30,made_by,SWarners,RDo30,SWarners
10,made_by,Universal,RDo36,Universal
10,made_by,Universal,SRi9,Universal
22,made_by,Paramount,SRi18,Paramount
30,made_by,SWarners,BvH10,SWarners
22,made_by,Paramount,FMx10,Paramount
10,made_by,Universal,HoZ10,Universal
30,made_by,SWarners,HoZ12,SWarners
50,made_by,SColumbia,HoZ24,SColumbia
158,made_by,SCarolco,JCm20,SCarolco
22,made_by,Paramount,JCm28,Paramount
10,made_by,Universal,PSc1,Universal
50,made_by,SColumbia,PSc10,SColumbia
22,made_by,Paramount,PSc12,Paramount
10,made_by,Universal,PSc20,Universal
193,made_by,SLionsGate,PSc41,SLionsGate
30,made_by,SWarners,RS3,SWarners
75,made_by,Fox,RS8,Fox
10,made_by,Universal,RS28,Universal
22,made_by,Paramount,TCh1,Paramount
10,made_by,Universal,TCh2,Universal
22,made_by,Paramount,WBe1,Paramount
10,made_by,Universal,AAl6,Universal
10,made_by,Universal,AAl10,Universal
30,made_by,SWarners,ABr3,SWarners
30,made_by,SWarners,ABr4,SWarners
10,made_by,Universal,BWN1,Universal
10,made_by,Universal,HBe10,Universal
170,made_by,NewLine,HBe15,NewLine
22,made_by,Paramount,MBr10,Paramount
10,made_by,Universal,MBr19,Universal
22,made_by,Paramount,MM20,Paramount
30,made_by,SWarners,NiM5,SWarners
22,made_by,Paramount,NiM30,Paramount
22,made_by,Paramount,NiM30,Paramount
22,made_by,Paramount,EBi10,Paramount
30,made_by,SWarners,HaR1,SWarners
30,made_by,SWarners,HaR10,SWarners
50,made_by,SColumbia,IBy15,SColumbia
22,made_by,Paramount,JiA1,Paramount
22,made_by,Paramount,JiA10,Paramount
10,made_by,Universal,JoS1,Universal
10,made_by,Universal,JoS5,Universal
50,made_by,SColumbia,JoS12,SColumbia
30,made_by,SWarners,JoS18,SWarners
30,made_by,Warners,MBm1,Warners
161,made_by,SOrion,MDa10,SOrion
163,made_by,SMiramax,PAl12,SMiramax
163,made_by,SMiramax,PAl14,SMiramax
30,made_by,Warners,PHa10,Warners
22,made_by,Paramount,RFM10,Paramount
186,made_by,STurner,RFM20,STurner
10,made_by,Universal,RGr10,Universal
165,made_by,SLorimar,RKa10,SLorimar
166,made_by,SBuena Vista,RR4,SBuena Vista
22,made_by,Paramount,TaH5,Paramount
50,made_by,SColumbia,TaH6,SColumbia
50,made_by,SColumbia,THu30,SColumbia
10,made_by,Universal,WaB10,Universal
30,made_by,SWarners,AbF27,SWarners
30,made_by,SWarners,AnB10,SWarners
22,made_by,Paramount,BiP10,Paramount
22,made_by,Paramount,DSt10,Paramount
22,made_by,Paramount,FRo10,Paramount
22,made_by,Paramount,FRo20,Paramount
167,made_by,Galaxie,JJB1,Galaxie
10,made_by,Universal,JnT10,Universal
161,made_by,SOrion,OlS9,SOrion
184,made_by,Regency,OlS18,Regency
10,made_by,Universal,OzS10,Universal
115,made_by,S:Trans-American,QMa12,S:Trans-American
10,made_by,Universal,RFr15,Universal
75,made_by,Fox,RMq8,Fox
50,made_by,SColumbia,RMq10,SColumbia
165,made_by,Lorimar,SHS10,Lorimar
166,made_by,SBuena Vista,SMi10,SBuena Vista
22,made_by,Paramount,WoP18,Paramount
10,made_by,Universal,AmH10,Universal
30,made_by,SWarners,AmH20,SWarners
169,made_by,STriStar,BLe10,STriStar
169,made_by,STriStar,BLe11,STriStar
30,made_by,SWarners,BLe22,SWarners
10,made_by,Universal,BrP10,Universal
121,made_by,SZoetrope,CDe10,SZoetrope
161,made_by,SOrion,DaD10,SOrion
75,made_by,Fox,GyM4,Fox
22,made_by,Paramount,GyM22,Paramount
22,made_by,Paramount,GyM30,Paramount
38,made_by,SGoldwyn,IDu21,SGoldwyn
163,made_by,SMiramax,IDu24,SMiramax
10,made_by,Universal,JPK15,Universal
170,made_by,SNewLine,JSo15,SNewLine
22,made_by,Paramount,KFi10,Paramount
30,made_by,SWarners,LaK1,SWarners
30,made_by,SWarners,LaK13,SWarners
30,made_by,SWarners,LaK18,SWarners
22,made_by,Paramount,NeJ16,Paramount
163,made_by,SMiramax,NeJ22,SMiramax
22,made_by,Paramount,PaB10,Paramount
161,made_by,SOrion,RiB21,SOrion
30,made_by,SWarners,RiB25,SWarners
30,made_by,SWarners,RT1,SWarners
161,made_by,SOrion,SuS12,SOrion
165,made_by,Lorimar,SuS20,Lorimar
50,made_by,SColumbia,WaW4,SColumbia
50,made_by,SColumbia,WaW5,SColumbia
22,made_by,Paramount,AdL5,Paramount
22,made_by,Paramount,AdL10,Paramount
22,made_by,Paramount,AdL16,Paramount
38,made_by,SGoldwyn,AdL20,SGoldwyn
50,made_by,SColumbia,BSt5,SColumbia
10,made_by,Universal,JKw5,Universal
22,made_by,Paramount,JLB1,Paramount
50,made_by,SColumbia,MaC11,SColumbia
163,made_by,SMiramax,PGr16,SMiramax
172,made_by,SCastle Rock,RbR10,SCastle Rock
172,made_by,Castle Rock,RbR12,Castle Rock
172,made_by,Castle Rock,RbR14,Castle Rock
22,made_by,Paramount,ToS5,Paramount
22,made_by,Paramount,ToS10,Paramount
187,made_by,SGraniet,AvW16,SGraniet
30,made_by,SWarners,HuW10,SWarners
30,made_by,SWarners,HuW12,SWarners
30,made_by,SWarners,HuW15,SWarners
30,made_by,SWarners,IHu25,SWarners
163,made_by,SMiramax,JCi14,SMiramax
22,made_by,Paramount,LeN3,Paramount
22,made_by,Paramount,LeN12,Paramount
165,made_by,SLorimar,NiC10,SLorimar
30,made_by,SWarners,Pri2,SWarners
10,made_by,Universal,RCn36,Universal
10,made_by,Universal,RCn39,Universal
30,made_by,SWarners,RTu1,SWarners
188,made_by,Pixar,ILt15,Pixar
30,made_by,SWarners,IsS10,SWarners
25,made_by,World,ITu10,World
169,made_by,TriStar,MDi10,TriStar
80,made_by,Pinewood,TiB6,Pinewood
30,made_by,SWarners,TiB12,SWarners
161,made_by,Orion,ABu10,Orion
10,made_by,Universal,APe10,Universal
22,made_by, Paramount,HoD24, Paramount
22,made_by,Paramount,PFa1,Paramount
161,made_by,SOrion,RMa10,SOrion
30,made_by,SWarners,SpJ7,SWarners
10,made_by,Universal,SpJ8,Universal
30,made_by,SWarners,DMa12,SWarners
170,made_by,SNewLine,MzI15,SNewLine
170,made_by,SNewLine,RHv10,SNewLine
30,made_by,SWarners,ADv15,SWarners
30,made_by,SWarners,ADv17,SWarners
50,made_by,SColumbia,AgH1,SColumbia
10,made_by,Universal,GvR10,Universal
22,made_by,Paramount,ICo10,Paramount
170,made_by,SNewLine,KSR35,SNewLine
22,made_by,Paramount,MFi16,Paramount
166,made_by,SBuena Vista,RkM16,SBuena Vista
30,made_by,SWarners,SLo2,SWarners
50,made_by,SColumbia,xSz10,SColumbia
161,made_by,SOrion,BNu1,SOrion
30,made_by,SWarners,CCw2,SWarners
50,made_by,SColumbia,ChG2,SColumbia
22,made_by,Paramount,EMu1,Paramount
169,made_by,STriStar,EZw1,STriStar
10,made_by,Universal,EZw4,Universal
10,made_by,Universal,GDG1,Universal
163,made_by,SMiramax,GTo1,SMiramax
166,made_by,SBuena Vista,JJo2,SBuena Vista
10,made_by,Universal,JJo10,Universal
22,made_by,Paramount,KBr3,Paramount
50,made_by,Columbia,LPu1,Columbia
163,made_by,SMiramax,MCJ1,SMiramax
30,made_by,SWarners,MCJ12,SWarners
30,made_by,SWarners,MCJ14,SWarners
22,made_by,Paramount,MLa10,Paramount
172,made_by,Castle Rock,MLm5,Castle Rock
22,made_by,Paramount,PhN14,Paramount
22,made_by,Paramount,PhN17,Paramount
22,made_by,Paramount,PhN20,Paramount
161,made_by,SOrion,StS1,SOrion
161,made_by,SOrion,StS2,SOrion
10,made_by,Universal,StS10,Universal
161,made_by,SOrion,AMz5,SOrion
50,made_by,SColumbia,EmE10,SColumbia
186,made_by,STurner,FFf10,STurner
30,made_by,SWarners,HoF10,SWarners
10,made_by,Universal,IMN15,Universal
10,made_by,Universal,LuM10,Universal
30,made_by,SWarners,MiJ10,SWarners
30,made_by,SWarners,PhJ13,SWarners
161,made_by,SOrion,PLe10,SOrion
50,made_by,SColumbia,RHr12,SColumbia
22,made_by,Paramount,RnH13,Paramount
50,made_by,SColumbia,RRe10,SColumbia
170,made_by,SNewLine,SBa10,SNewLine
172,made_by,S:CastleRock,WhS5,S:CastleRock
184,made_by,SRegency,AGl10,SRegency
184,made_by,Regency,AGl12,Regency
38,made_by,SGoldwyn,AMi10,SGoldwyn
22,made_by,Paramount,BSo1,Paramount
22,made_by,Paramount,BSo5,Paramount
10,made_by,Universal,BSo6,Universal
170,made_by,SNewLine,DMH10,SNewLine
22,made_by,Paramount,EDi10,Paramount
161,made_by,Orion,IBl15,Orion
50,made_by,SColumbia,ISn4,SColumbia
10,made_by,Universal,JAv10,Universal
161,made_by,SOrion,JoF1,SOrion
150,made_by,SBavaria,JoB10,SBavaria
22,made_by,Paramount,KeR10,Paramount
30,made_by,SWarners,KeH10,SWarners
166,made_by,SBuena Vista,MAD10,SBuena Vista
161,made_by,SOrion,PHw10,SOrion
166,made_by,S:Buena Vista,TLW5,S:Buena Vista
38,made_by,SGoldwyn,Z9120,SGoldwyn
170,made_by,SNewLine,AbH1,SNewLine
163,made_by,SMiramax,AfA10,SMiramax
38,made_by,SGoldwyn,AWk10,SGoldwyn
163,made_by,SMiramax,BKi10,SMiramax
75,made_by,Fox,BKi12,Fox
10,made_by,Universal,BLv15,Universal
170,made_by,SNewLine,DPr12,SNewLine
170,made_by,SNewLine,GeQ10,SNewLine
150,made_by,SBavaria,HDl10,SBavaria
163,made_by,SMiramax,QTa3,SMiramax
163,made_by,SMiramax,RrB18,SMiramax
22,made_by,Paramount,xNa10,Paramount
30,made_by,SWarners,BeM10,SWarners
50,made_by,SColumbia,BJR10,SColumbia
74,made_by,SRepublic,CaS10,SRepublic
163,made_by,SMiramax,IMd17,SMiramax
50,made_by,SColumbia,RbH10,SColumbia
161,made_by,SOrion,RHk10,SOrion
50,made_by,SColumbia,RRz10,SColumbia
22,made_by,Paramount,SiW13,Paramount
22,made_by,Paramount,StZ1,Paramount
22,made_by,Paramount,StZ5,Paramount
10,made_by,Universal,BnS10,Universal
152,made_by,SFantasy,CFd10,SFantasy
170,made_by,SNewLine,CRu10,SNewLine
30,made_by,SWarners,GGC10,SWarners
163,made_by,SMiramax,LMg10,SMiramax
170,made_by,NewLine,PFr10,NewLine
50,made_by,SColumbia,PlW10,SColumbia
38,made_by,SGoldwyn,RTr10,SGoldwyn
30,made_by,SWarners,SSl1,SWarners
22,made_by,Paramount,BTh10,Paramount
163,made_by,SMiramax,DBo10,SMiramax
166,made_by,SBuena Vista,Z9510,SBuena Vista
50,made_by,SColumbia,DLi13,SColumbia
22,made_by,Paramount,GHb10,Paramount
22,made_by,Paramount,JtF3,Paramount
22,made_by,Paramount,RHg10,Paramount
10,made_by,Universal,Z9615,Universal
22,made_by,Paramount,ScW10,Paramount
10,made_by,Universal,TSy10,Universal
10,made_by,Universal,TSy12,Universal
10,made_by,Universal,DEl10,Universal
30,made_by,SWarners,GGy10,SWarners
116,made_by,Hallmark,JfB10,Hallmark
75,made_by,Fox,SfS10,Fox
163,made_by,Miramax,Z9890,Miramax
10,made_by,Universal,Z9895,Universal
30,made_by,Warners,Z9915,Warners
24,made_by,UFA,EL37,UFA
75,made_by,Fox,JLM17,Fox
50,made_by,Columbia,SRa5,Columbia
22,made_by,Paramount,EL37,Paramount
22,made_by,Famous,H2,Famous
47,made_by,Wardour,H3,Wardour
47,made_by,Wardour,H5,Wardour
55,made_by,Emelka,H8,Emelka
47,made_by,Wardour,H10,Wardour
47,made_by,Wardour,H11,Wardour
47,made_by,Wardour,H13,Wardour
47,made_by,Wardour,H14,Wardour
47,made_by,Wardour,H16,Wardour
47,made_by,Wardour,H17,Wardour
47,made_by,Wardour,H19,Wardour
47,made_by,Wardour,H22,Wardour
47,made_by,Wardour,H23,Wardour
47,made_by,Wardour,H24,Wardour
36,made_by,U.A.,H33,U.A.
36,made_by,U.A.,H42,U.A.
36,made_by,U.A.,H44,U.A.
136,made_by,MGM British,H46,MGM British
20,made_by,MPSA,HHS3,MPSA
20,made_by,MPSA,HHS8,MPSA
38,made_by,Goldwyn,AK90,Goldwyn
22,made_by,Paramount,ISR5,Paramount
22,made_by,Paramount,FM10,Paramount
38,made_by,MGM,CBw9,MGM
47,made_by,Wardour,GCt20,Wardour
47,made_by,Wardour,GCt21,Wardour
30,made_by,Warners,GP13,Warners
38,made_by,Goldwyn,RC13,Goldwyn
20,made_by,London,WKH50,London
22,made_by,Paramount,WW67,Paramount
30,made_by,Warners,GMy20,Warners
30,made_by,Warners,DaB33,Warners
51,made_by,Gainsborough,DMD40,Gainsborough
60,made_by,RKO,FeF12,RKO
10,made_by,Universal,LMC19,Universal
30,made_by,Warners,GC48,Warners
51,made_by,Gainsborough,RoS3,Gainsborough
51,made_by,Gainsborough,VrM40,Gainsborough
79,made_by,elznick,CR18,elznick
45,made_by,MCA,EGU1,MCA
74,made_by,Republic,WWn300,Republic
61,made_by,Allied,IH38,Allied
20,made_by,London,DL10,London
80,made_by,Pinewood,JLM17,Pinewood
50,made_by,Columbia,KeA43,Columbia
38,made_by,MGM,PUs6,MGM
60,made_by,RKO,NR7,RKO
75,made_by,Fox,RaT26,Fox
30,made_by,Warners,IGu28,Warners
30,made_by,Warners,FF15,Warners
60,made_by,RKO,IdL3,RKO
137,made_by,Astor,AR5,Astor
112,made_by,AIP,GH25,AIP
60,made_by,RKO,HHo3,RKO
161,made_by,Orion,BE23,Orion
38,made_by,MGM,BE34,MGM
36,made_by,U.A.,SK6,U.A.
165,made_by,Lorimar,AVL35,Lorimar
10,made_by,Universal,GeP40,Universal
161,made_by,Orion,LMa35,Orion
30,made_by,Warners,MR30,Warners
38,made_by,MGM,RDa3,MGM
38,made_by,MGM,RDa10,MGM
36,made_by,U.A.,SL1,U.A.
22,made_by,Paramount,SL20,Paramount
10,made_by,Universal,SS6,Universal
10,made_by,Universal,SS20,Universal
22,made_by,Paramount,SS34,Paramount
44,made_by,even Arts,ArP5,even Arts
10,made_by,Universal,FT7,Universal
38,made_by,MGM,FT8,MGM
38,made_by,MGM,FT16,MGM
38,made_by,MGM,FT18,MGM
38,made_by,MGM,FT21,MGM
36,made_by,U.A.,KRz36,U.A.
44,made_by,even Arts,DoS8,even Arts
135,made_by,Woodfall,TRs22,Woodfall
60,made_by,RKO,TRs23,RKO
22,made_by,Paramount,GOu20,Paramount
22,made_by,Paramount,FrF40,Paramount
112,made_by,AIP,GoH51,AIP
161,made_by,Orion,GRH11,Orion
169,made_by,TriStar,SP57,TriStar
75,made_by,Fox,DCh15,Fox
36,made_by,U.A.,FFC8,U.A.
161,made_by,Orion,FJS29,Orion
38,made_by,MGM,PTw1,MGM
161,made_by,Orion,IBo20,Orion
112,made_by,AIP,SkT1,AIP
112,made_by,AIP,JuF6,AIP
75,made_by,Fox,MlC10,Fox
75,made_by,Fox,CfO10,Fox
44,made_by,even Arts,JrS10,even Arts
170,made_by,NewLine,WBz13,NewLine
30,made_by,Warners,AlG11,Warners
30,made_by,Warners,WA14,Warners
60,made_by,RKO,FSc15,RKO
30,made_by,Warners,CEa21,Warners
60,made_by,RKO,CoH3,RKO
30,made_by,Warners,GgL1,Warners
50,made_by,Columbia,HJ1,Columbia
10,made_by,Universal,MvC30,Universal
75,made_by,Fox,RSa5,Fox
177,made_by,Taksen,StF5,Taksen
162,made_by,Fimways,RAC10,Fimways
75,made_by,Fox,RtY10,Fox
10,made_by,Universal,RtY15,Universal
22,made_by,Pramount,APa30,Pramount
152,made_by,Fantasy,DDu10,Fantasy
119,made_by,Malpaso,MCi1,Malpaso
10,made_by,Universal,MCi2,Universal
110,made_by,New World,ShM15,New World
161,made_by,Orion,LIC20,Orion
151,made_by,NWP,MMi10,NWP
161,made_by,Orion,CSr10,Orion
10,made_by,Universal,DLy5,Universal
75,made_by,Fox,JCm28,Fox
20,made_by,London,RS8,London
166,made_by,Buena Vista,RS28,Buena Vista
50,made_by,Columbia,HBe15,Columbia
162,made_by,Filmways,EBi10,Filmways
38,made_by,MGM,FRa10,MGM
50,made_by,Columba,GCl20,Columba
22,made_by,Paramount,JiA5,Paramount
161,made_by,Orion,MBm1,Orion
161,made_by,Orion,PHa10,Orion
165,made_by,Lorimar,TaH5,Lorimar
50,made_by,Columbia,FLg10,Columbia
36,made_by,U.A.,JJB1,U.A.
30,made_by,Warners,OlS18,Warners
50,made_by,Columbia,HJS10,Columbia
30,made_by,Warners,SuS20,Warners
75,made_by,Fox,UEd10,Fox
50,made_by,Columbia,WaW10,Columbia
22,made_by,Paramount,PGr10,Paramount
50,made_by,Columbia,RbR12,Columbia
50,made_by,Columbia,RbR14,Columbia
30,made_by,Warners,PBm1,Warners
30,made_by,Warners,ChS10,Warners
38,made_by,Goldwyn,ITu10,Goldwyn
75,made_by,Fox,KBg10,Fox
30,made_by,Warners,TiB5,Warners
30,made_by,Warners,TiB6,Warners
75,made_by,Fox,CCo6,Fox
30,made_by,Warners,AgH15,Warners
38,made_by,Goldwyn,KBr12,Goldwyn
38,made_by,Goldwyn,MNa13,Goldwyn
50,made_by,Columbia,MLm5,Columbia
158,made_by,Carolco,MiJ5,Carolco
166,made_by,Bueno Vista,PnM18,Bueno Vista
10,made_by,Universal,Z9070,Universal
30,made_by,Warners,AGl12,Warners
22,made_by,Paramount,DZu12,Paramount
50,made_by,Columbia,SLe10,Columbia
184,made_by,Regency,CrB10,Regency
166,made_by,Buena Vista,IMu10,Buena Vista
166,made_by,Buena Vista,IMu20,Buena Vista
163,made_by,Miramax,MLs10,Miramax
22,made_by,Paramount,PFr10,Paramount
30,made_by,Warners,GfD11,Warners
